Gemeinde_ID,Gemeinde_Name,Bis 14’999,15’000-19’999,20’000-29’999,30’000-39’999,40’000-49’999,50’000-74999,75’000 und mehr
1,  Aeugst am Albis,5,17,77,82,86,192,462
2,  Affoltern am Albis,29,98,502,629,737,1439,1515
3,  Bonstetten,8,29,131,184,192,626,1075
4,  Hausen am Albis,15,31,129,141,184,372,599
5,  Hedingen,8,22,128,132,180,376,684
6,  Kappel am Albis,1,5,39,41,57,108,157
7,  Knonau,12,16,64,80,87,215,389
8,  Maschwanden,2,7,28,33,34,86,96
9,  Mettmenstetten,9,23,140,195,217,536,839
10,  Obfelden,11,48,187,229,268,530,791
11,  Ottenbach,5,16,86,121,142,279,458
12,  Rifferswil,1,9,43,42,42,95,165
13,  Stallikon,8,19,93,106,133,362,827
14,  Wettswil am Albis,15,33,99,158,152,496,1165
21,  Adlikon,6,2,26,32,39,82,79
22,  Benken (ZH),1,11,33,48,60,101,137
23,  Berg am Irchel,2,6,24,29,45,78,91
24,  Buch am Irchel,2,3,27,41,42,92,163
25,  Dachsen,5,16,62,76,79,203,358
26,  Dorf,1,4,23,26,37,56,118
27,  Feuerthalen,15,38,142,192,224,465,515
28,  Flaach,3,6,60,70,72,156,202
29,  Flurlingen,4,14,39,72,71,163,303
30,  Andelfingen,3,23,82,101,123,238,377
31,  Henggart,5,12,64,86,122,247,400
32,  Humlikon,2,4,12,19,28,45,76
33,  Kleinandelfingen,2,17,77,91,110,222,333
34,  Laufen-Uhwiesen,4,11,47,62,82,178,317
35,  Marthalen,2,19,74,108,128,252,303
36,  Oberstammheim,1,9,49,71,75,136,146
37,  Ossingen,5,11,61,71,77,163,187
38,  Rheinau,6,15,57,43,92,152,211
39,  Thalheim an der Thur,2,1,31,49,45,129,117
40,  Trüllikon,4,7,51,40,66,124,149
41,  Truttikon,0,5,19,17,24,48,58
42,  Unterstammheim,2,6,23,40,55,72,133
43,  Volken,0,4,12,16,17,30,43
44,  Waltalingen,1,4,25,31,46,79,93
51,  Bachenbülach,16,40,107,171,212,530,654
52,  Bassersdorf,31,74,351,472,670,1531,1996
53,  Bülach,57,139,764,949,1158,2458,2673
54,  Dietlikon,17,41,259,351,413,946,1268
55,  Eglisau,22,29,144,170,233,563,872
56,  Embrach,20,82,314,455,544,1141,1283
57,  Freienstein-Teufen,7,17,94,93,114,268,393
58,  Glattfelden,16,51,181,207,248,616,691
59,  Hochfelden,5,18,59,80,105,232,353
60,  Höri,13,23,114,125,152,356,273
61,  Hüntwangen,5,4,39,33,37,101,204
62,  Kloten,87,161,755,1026,1178,2733,2522
63,  Lufingen,7,10,53,59,76,210,403
64,  Nürensdorf,16,33,165,202,259,699,1181
65,  Oberembrach,4,7,37,46,67,138,195
66,  Opfikon,54,157,611,842,992,2150,2041
67,  Rafz,25,28,143,188,211,467,663
68,  Rorbas,8,23,93,111,146,299,320
69,  Wallisellen,53,96,530,694,812,1990,2708
70,  Wasterkingen,2,9,25,29,39,73,92
71,  Wil (ZH),6,11,61,74,72,152,223
72,  Winkel,10,34,117,157,172,500,1118
81,  Bachs,3,5,31,31,40,56,100
82,  Boppelsen,4,12,23,42,46,118,314
83,  Buchs (ZH),14,41,203,252,348,863,985
84,  Dällikon,10,26,129,177,211,510,554
85,  Dänikon,9,12,49,82,86,238,312
86,  Dielsdorf,20,44,220,284,377,796,885
87,  Hüttikon,0,5,23,28,38,92,148
88,  Neerach,13,27,100,105,132,353,873
89,  Niederglatt,13,50,169,220,265,612,716
90,  Niederhasli,24,62,299,406,503,1155,1307
91,  Niederweningen,6,24,99,113,142,284,504
92,  Oberglatt,24,41,236,320,380,815,702
93,  Oberweningen,8,10,56,76,98,202,284
94,  Otelfingen,8,17,87,118,135,326,506
95,  Regensberg,1,4,10,20,19,63,111
96,  Regensdorf,62,138,694,842,1016,2171,2381
97,  Rümlang,24,48,297,367,434,951,972
98,  Schleinikon,1,5,16,42,41,78,136
99,  Schöfflisdorf,5,8,42,66,83,159,258
100,  Stadel,2,15,84,104,95,267,332
101,  Steinmaur,8,28,125,179,223,438,521
102,  Weiach,2,10,48,55,66,152,177
111,  Bäretswil,21,40,210,253,315,601,730
112,  Bubikon,10,41,237,299,340,843,1236
113,  Dürnten,18,51,301,369,409,903,959
114,  Fischenthal,7,27,111,150,112,268,209
115,  Gossau (ZH),29,77,334,508,589,1237,1560
116,  Grüningen,7,21,138,159,166,444,525
117,  Hinwil,28,112,459,613,701,1488,1484
118,  Rüti (ZH),34,115,566,746,856,1539,1302
119,  Seegräben,3,6,47,69,69,138,228
120,  Wald (ZH),32,102,466,630,634,1045,941
121,  Wetzikon (ZH),71,216,1075,1387,1633,3145,3053
131,  Adliswil,84,140,742,937,1039,2248,3204
132,  Hirzel,8,20,69,85,95,228,371
133,  Horgen,88,160,821,874,1048,2394,3659
134,  Hütten,4,13,35,52,51,99,107
135,  Kilchberg (ZH),31,49,248,260,286,788,2293
136,  Langnau am Albis,23,60,273,329,398,826,1354
137,  Oberrieden,17,36,176,207,220,577,1264
138,  Richterswil,48,91,455,608,741,1488,2344
139,  Rüschlikon,23,42,156,184,222,538,1515
140,  Schönenberg (ZH),4,14,81,88,95,200,370
141,  Thalwil,78,136,591,747,923,2034,4176
142,  Wädenswil,72,183,900,1120,1158,2613,3682
151,  Erlenbach (ZH),15,36,153,179,183,463,1487
152,  Herrliberg,26,45,163,172,204,496,1761
153,  Hombrechtikon,31,76,340,447,514,958,1182
154,  Küsnacht (ZH),53,117,463,512,531,1236,3823
155,  Männedorf,33,69,357,429,463,1128,2349
156,  Meilen,61,88,414,484,568,1334,3250
157,  Oetwil am See,19,41,165,215,298,587,593
158,  Stäfa,42,121,483,648,678,1571,2954
159,  Uetikon am See,21,48,193,202,248,597,1395
160,  Zumikon,18,42,137,176,170,458,1406
161,  Zollikon,58,73,422,452,490,1172,3496
172,  Fehraltorf,19,43,224,271,358,849,1157
173,  Hittnau,16,30,121,173,188,422,617
174,  Illnau-Effretikon,42,140,697,956,1058,2170,2256
175,  Kyburg,1,9,9,27,14,46,80
176,  Lindau,13,23,166,217,243,607,949
177,  Pfäffikon,35,102,435,610,705,1519,1732
178,  Russikon,6,35,152,176,202,466,799
180,  Weisslingen,11,21,111,117,188,367,564
181,  Wila,7,14,95,146,126,251,231
182,  Wildberg,2,8,40,41,54,123,150
191,  Dübendorf,96,228,1054,1324,1612,3535,4095
192,  Egg,34,85,314,350,427,975,1614
193,  Fällanden,25,57,268,307,417,1022,1678
194,  Greifensee,8,45,165,227,305,697,902
195,  Maur,29,63,277,344,416,1026,2325
196,  Mönchaltorf,12,33,133,177,185,446,559
197,  Schwerzenbach,19,45,162,203,290,657,894
198,  Uster,106,278,1329,1655,2008,4472,5472
199,  Volketswil,36,123,547,790,1002,2492,2961
200,  Wangen-Brüttisellen,20,52,230,324,405,987,1362
211,  Altikon,1,4,29,35,31,75,95
213,  Brütten,7,14,61,62,91,230,478
214,  Dägerlen,1,9,37,30,48,101,177
215,  Dättlikon,1,7,12,25,31,79,146
216,  Dinhard,4,7,54,54,73,159,265
217,  Elgg,15,36,157,203,233,522,583
218,  Ellikon an der Thur,4,5,29,40,44,107,145
219,  Elsau,11,29,121,153,168,427,543
220,  Hagenbuch,2,6,38,61,81,133,162
221,  Hettlingen,10,15,86,83,123,303,609
222,  Hofstetten (ZH),3,5,16,31,26,49,59
223,  Neftenbach,17,34,176,213,293,700,994
224,  Pfungen,14,26,115,180,224,463,448
225,  Rickenbach (ZH),6,17,76,125,102,312,437
226,  Schlatt (ZH),0,2,20,30,41,67,99
227,  Seuzach,23,58,229,330,412,1007,1425
228,  Turbenthal,7,31,188,248,266,512,443
230,  Winterthur,323,1025,4776,6087,7008,14549,14034
231,  Zell (ZH),24,48,243,340,353,671,635
241,  Aesch (ZH),3,14,29,42,46,147,283
242,  Birmensdorf (ZH),18,49,216,243,302,774,1199
243,  Dietikon,92,217,1223,1394,1558,3079,2531
244,  Geroldswil,10,39,189,254,291,603,826
245,  Oberengstringen,31,53,284,356,425,907,994
246,  Oetwil an der Limmat,12,22,97,129,117,332,502
247,  Schlieren,56,158,756,905,1194,2283,1797
248,  Uitikon,9,27,108,108,106,305,1263
249,  Unterengstringen,16,32,122,159,187,438,725
250,  Urdorf,33,78,341,443,528,1413,1490
251,  Weiningen (ZH),3,37,146,187,243,559,699
261,  Zürich,1921,4994,19416,21122,22650,51211,66578
301,  Aarberg,5,32,173,265,361,626,526
302,  Bargen (BE),2,17,51,73,66,117,104
303,  Grossaffoltern,2,29,132,167,191,355,359
304,  Kallnach,4,13,80,116,139,281,202
305,  Kappelen,3,13,47,72,86,181,161
306,  Lyss,19,127,624,919,1060,1909,1603
307,  Meikirch,3,20,95,119,115,296,431
309,  Radelfingen,2,13,53,95,88,172,146
310,  Rapperswil (BE),6,31,106,157,145,263,301
311,  Schüpfen,9,22,145,246,263,472,461
312,  Seedorf (BE),5,17,115,181,204,361,368
321,  Aarwangen,12,40,205,257,277,515,447
322,  Auswil,0,4,35,29,38,45,31
323,  Bannwil,1,14,39,40,48,87,67
324,  Bleienbach,0,9,34,56,42,92,74
325,  Busswil bei Melchnau,0,6,10,10,14,25,22
326,  Gondiswil,0,11,43,47,54,83,42
329,  Langenthal,22,129,736,1049,1150,2023,1534
331,  Lotzwil,4,21,89,164,180,281,213
332,  Madiswil,4,36,170,252,201,373,264
333,  Melchnau,4,22,84,110,98,159,111
334,  Obersteckholz,0,7,21,28,20,52,33
335,  Oeschenbach,1,3,12,20,18,23,16
336,  Reisiswil,0,1,11,13,21,14,11
337,  Roggwil (BE),12,46,180,272,276,442,316
338,  Rohrbach,5,14,86,116,113,164,75
339,  Rohrbachgraben,0,10,24,27,30,32,16
340,  Rütschelen,2,7,29,45,36,66,44
341,  Schwarzhäusern,2,2,24,31,23,67,51
342,  Thunstetten,9,28,147,194,212,367,290
344,  Ursenbach,2,14,43,80,53,84,52
345,  Wynau,3,13,78,115,127,189,123
351,  Bern,309,1175,6170,8219,9650,19079,17838
352,  Bolligen,6,35,188,241,281,706,1272
353,  Bremgarten bei Bern,7,25,96,160,202,467,1000
354,  Kirchlindach,7,21,93,131,172,358,581
355,  Köniz,73,298,1447,2054,2503,5437,5853
356,  Muri bei Bern,35,63,368,490,614,1526,2979
357,  Oberbalm,2,6,45,68,61,100,66
358,  Stettlen,6,19,91,148,183,360,510
359,  Vechigen,5,30,179,229,280,598,852
360,  Wohlen bei Bern,19,60,275,398,497,1042,1682
361,  Zollikofen,20,81,362,518,594,1340,1599
362,  Ittigen,22,82,374,588,715,1536,1749
363,  Ostermundigen,40,132,623,992,1203,2267,1769
371,  Biel/Bienne,121,548,2529,3482,3691,6624,4654
372,  Evilard,3,14,62,88,114,274,523
381,  Arch,5,13,54,84,110,213,147
382,  Büetigen,4,4,29,53,42,91,101
383,  Büren an der Aare,10,21,138,203,236,428,389
385,  Diessbach bei Büren,1,8,24,55,62,118,96
386,  Dotzigen,1,13,56,94,94,179,154
387,  Lengnau (BE),15,29,237,287,342,576,477
388,  Leuzigen,2,11,75,90,101,147,119
389,  Meienried,0,1,2,3,8,12,7
390,  Meinisberg,3,10,57,66,98,162,154
391,  Oberwil bei Büren,0,4,41,55,47,103,78
392,  Pieterlen,8,28,164,227,268,469,349
393,  Rüti bei Büren,2,10,45,65,77,107,82
394,  Wengi,2,5,31,38,31,70,64
401,  Aefligen,5,8,61,76,68,160,103
402,  Alchenstorf,2,5,22,44,48,68,47
403,  Bäriswil,0,6,40,58,49,115,185
404,  Burgdorf,33,152,780,1087,1185,1988,1722
405,  Ersigen,1,19,59,102,112,208,200
406,  Hasle bei Burgdorf,3,46,191,253,278,325,237
407,  Heimiswil,3,23,110,119,125,154,114
408,  Hellsau,0,0,5,11,14,24,19
409,  Hindelbank,5,28,97,143,166,313,298
410,  Höchstetten,0,5,9,21,24,31,21
411,  Kernenried,2,3,21,26,40,47,37
412,  Kirchberg (BE),10,55,249,369,401,743,752
413,  Koppigen,0,14,99,117,137,255,235
414,  Krauchthal,5,21,87,143,153,308,261
415,  Lyssach,4,10,53,93,114,198,160
416,  Mötschwil,1,0,7,13,11,9,14
417,  Niederösch,0,2,10,15,16,24,18
418,  Oberburg,5,31,141,209,200,329,211
419,  Oberösch,1,2,3,3,10,16,10
420,  Rüdtligen-Alchenflüh,4,18,102,164,223,313,192
421,  Rumendingen,0,2,5,5,5,10,7
422,  Rüti bei Lyssach,1,3,7,13,9,26,14
423,  Willadingen,0,1,10,10,17,23,26
424,  Wynigen,3,27,105,160,139,191,133
431,  Corgémont,3,15,86,88,87,190,163
432,  Cormoret,1,1,25,25,29,53,54
433,  Cortébert,0,8,34,50,46,73,66
434,  Courtelary,2,11,71,72,70,126,152
435,  La Ferrière,0,3,30,30,43,56,50
436,  La Heutte,2,5,20,29,24,69,55
437,  Mont-Tramelan,0,1,10,7,6,7,4
439,  Péry,2,11,71,90,103,160,151
440,  Plagne,1,3,17,25,26,45,38
443,  Saint-Imier,9,56,296,341,368,555,391
444,  Sonceboz-Sombeval,0,9,84,101,123,210,167
445,  Sonvilier,1,7,62,87,85,124,84
446,  Tramelan,15,46,246,310,273,467,379
447,  Vauffelin,0,5,36,25,18,64,36
448,  Villeret,2,13,42,57,62,116,90
492,  Erlach,0,14,53,79,80,163,192
493,  Finsterhennen,0,3,21,24,25,64,47
494,  Gals,1,6,23,42,47,78,111
495,  Gampelen,4,6,32,52,51,107,103
496,  Ins,3,21,129,178,205,377,430
497,  Lüscherz,0,1,28,35,32,67,76
498,  Müntschemier,3,8,49,72,82,163,119
499,  Siselen,2,6,28,42,34,79,51
500,  Treiten,1,3,26,32,26,44,53
501,  Tschugg,3,2,25,19,26,70,48
502,  Vinelz,1,9,57,49,53,102,124
532,  Bangerten,0,1,12,16,8,18,22
533,  Bätterkinden,8,21,118,180,222,416,393
534,  Büren zum Hof,0,1,12,22,18,49,70
535,  Deisswil bei Münchenbuchsee,0,3,2,2,7,10,14
536,  Diemerswil,0,2,3,9,8,16,30
537,  Etzelkofen,0,1,12,27,26,40,45
539,  Grafenried,1,10,32,55,54,101,151
540,  Jegenstorf,9,39,163,253,273,614,760
544,  Moosseedorf,0,25,123,210,251,499,465
545,  Mülchi,0,2,17,12,18,29,16
547,  Münchringen,2,5,18,19,33,55,109
549,  Schalunen,0,3,8,27,20,44,49
552,  Utzenstorf,4,37,169,251,280,565,440
554,  Wiler bei Utzenstorf,1,6,38,82,56,128,76
555,  Zauggenried,1,1,13,22,25,36,32
556,  Zielebach,0,4,13,27,26,56,39
557,  Zuzwil (BE),1,7,26,17,29,68,94
561,  Adelboden,9,39,205,251,244,325,199
564,  Kandergrund,1,10,47,70,54,68,38
566,  Krattigen,3,11,56,74,92,147,101
567,  Reichenbach im Kandertal,6,48,182,265,266,364,230
571,  Beatenberg,2,13,96,85,79,120,68
572,  Bönigen,5,19,132,180,192,349,201
573,  Brienz (BE),8,35,165,231,193,352,240
574,  Brienzwiler,0,4,36,41,42,54,34
575,  Därligen,0,1,15,40,26,55,39
576,  Grindelwald,14,45,221,295,285,396,335
577,  Gsteigwiler,1,8,22,43,23,47,33
578,  Gündlischwand,0,2,20,18,28,45,15
579,  Habkern,0,15,36,48,40,33,23
580,  Hofstetten bei Brienz,3,9,22,49,50,60,43
581,  Interlaken,8,54,293,458,497,712,499
582,  Iseltwald,2,9,28,36,33,38,32
584,  Lauterbrunnen,7,38,152,163,186,290,194
585,  Leissigen,2,10,35,71,68,121,103
586,  Lütschental,1,5,23,22,19,25,6
587,  Matten bei Interlaken,14,44,207,307,301,501,293
588,  Niederried bei Interlaken,0,1,22,34,26,50,27
589,  Oberried am Brienzersee,1,6,31,41,38,69,26
590,  Ringgenberg (BE),7,29,151,197,182,317,222
591,  Saxeten,0,4,7,3,7,8,5
592,  Schwanden bei Brienz,0,4,32,47,40,68,55
593,  Unterseen,13,49,281,401,436,732,657
594,  Wilderswil,7,25,129,217,200,310,213
602,  Arni (BE),0,8,48,76,65,117,62
603,  Biglen,1,21,76,111,118,213,168
604,  Bleiken bei Oberdiessbach,0,5,15,27,22,45,24
605,  Bowil,1,14,63,120,102,150,74
606,  Brenzikofen,0,5,28,34,37,67,49
607,  Freimettigen,0,2,15,22,36,58,47
608,  Grosshöchstetten,2,27,140,191,211,422,420
609,  Häutligen,0,1,12,19,17,28,27
610,  Herbligen,0,5,21,45,33,66,48
611,  Kiesen,0,4,36,50,60,116,120
612,  Konolfingen,6,29,215,333,353,607,548
613,  Landiswil,0,16,26,51,41,44,25
614,  Linden,2,18,80,89,74,96,78
615,  Mirchel,2,5,26,31,36,68,56
616,  Münsingen,18,68,421,599,726,1465,1759
617,  Niederhünigen,0,5,20,37,39,63,60
619,  Oberdiessbach,3,31,147,191,202,318,354
622,  Oppligen,0,7,26,43,36,80,74
623,  Rubigen,12,16,96,153,177,391,481
624,  Schlosswil,1,9,19,31,51,80,70
625,  Tägertschi,0,1,21,26,16,48,46
626,  Walkringen,0,11,109,157,112,195,130
627,  Worb,17,74,424,658,750,1486,1431
628,  Zäziwil,0,14,79,105,107,195,130
629,  Oberhünigen,0,1,21,22,18,28,16
630,  Allmendingen,0,5,22,22,30,62,91
632,  Wichtrach,8,28,145,236,264,515,528
661,  Clavaleyres,0,0,2,5,6,6,0
662,  Ferenbalm,1,11,55,64,87,180,137
663,  Frauenkappelen,1,5,54,62,80,159,204
665,  Gurbrü,0,0,11,16,19,32,20
666,  Kriechenwil,2,6,21,26,34,51,40
667,  Laupen,4,21,114,173,187,364,372
668,  Mühleberg,8,14,103,151,192,375,396
669,  Münchenwiler,0,4,19,32,23,53,61
670,  Neuenegg,4,33,194,286,339,648,616
671,  Wileroltigen,0,4,17,17,17,38,39
681,  Belprahon,0,2,15,14,22,43,36
682,  Bévilard,3,27,110,130,111,182,155
683,  Champoz,0,0,7,8,9,17,16
684,  Châtelat,0,1,7,9,5,6,7
687,  Corcelles (BE),1,4,9,15,15,27,17
691,  Crémines,1,4,29,43,43,52,42
692,  Eschert,0,4,21,26,26,40,36
696,  Loveresse,0,1,19,24,16,40,32
697,  Malleray,3,20,127,118,121,208,195
699,  Monible,0,0,4,2,1,6,1
700,  Moutier,18,93,416,570,492,834,648
701,  Perrefitte,1,5,22,43,30,40,41
703,  Reconvilier,6,27,135,154,157,273,185
704,  Roches (BE),0,1,19,17,12,33,11
708,  Schelten,0,3,1,0,2,0,2
709,  Seehof,0,2,5,4,8,2,1
710,  Sornetan,0,3,4,7,7,13,8
711,  Sorvilier,1,4,12,22,20,38,22
712,  Souboz,0,3,8,6,4,11,9
713,  Tavannes,12,48,206,235,231,353,279
715,  Rebévelier,0,2,2,4,4,1,0
721,  Diesse,1,4,23,26,26,65,43
722,  Lamboing,0,7,31,39,39,71,78
724,  Nods,1,5,36,46,27,90,92
731,  Aegerten,2,10,84,128,130,257,180
732,  Bellmund,0,5,48,54,79,158,304
733,  Brügg,10,32,185,246,325,558,405
734,  Bühl,4,6,22,29,37,65,47
735,  Epsach,2,5,18,28,19,38,23
736,  Hagneck,0,5,13,21,31,71,47
737,  Hermrigen,0,3,13,18,16,44,25
738,  Jens,2,2,24,29,29,73,107
739,  Ipsach,9,24,140,189,262,547,606
740,  Ligerz,1,7,26,33,36,54,88
741,  Merzligen,1,1,13,22,29,44,62
742,  Mörigen,2,6,34,41,47,104,187
745,  Port,7,21,124,198,242,444,521
746,  Safnern,3,21,74,85,97,259,239
748,  Schwadernau,0,3,27,40,44,79,72
749,  Studen (BE),2,23,114,195,223,450,350
750,  Sutz-Lattrigen,3,11,53,71,83,161,219
751,  Täuffelen,3,28,103,152,169,366,377
754,  Walperswil,0,14,36,66,59,121,111
755,  Worben,4,20,94,131,147,327,270
756,  Twann-Tüscherz,1,12,51,79,71,145,164
761,  Därstetten,0,9,56,78,50,75,45
762,  Diemtigen,4,44,128,160,139,200,110
763,  Erlenbach im Simmental,3,19,94,137,138,182,99
764,  Niederstocken,0,2,14,19,16,32,15
765,  Oberstocken,0,6,10,14,21,33,18
766,  Oberwil im Simmental,3,13,57,65,48,61,32
767,  Reutigen,3,7,48,60,79,141,77
768,  Spiez,27,110,546,790,897,1666,1518
769,  Wimmis,7,26,136,189,169,318,186
781,  Gadmen,0,4,21,20,16,20,10
782,  Guttannen,2,1,14,23,17,38,26
783,  Hasliberg,5,19,68,80,62,111,70
784,  Innertkirchen,3,9,46,38,45,111,73
785,  Meiringen,9,54,245,319,309,619,430
786,  Schattenhalb,0,7,41,50,30,63,35
791,  Boltigen,1,29,103,128,89,111,52
792,  Lenk,7,28,138,176,181,244,170
793,  St. Stephan,1,17,88,101,92,134,69
794,  Zweisimmen,7,36,164,230,183,351,267
841,  Gsteig,2,11,57,66,72,117,67
842,  Lauenen,1,22,42,62,54,87,54
843,  Saanen,25,85,370,446,419,724,890
852,  Guggisberg,1,27,96,119,93,130,50
855,  Schwarzenburg,7,68,339,477,479,773,654
861,  Belp,8,70,395,618,789,1610,1622
863,  Burgistein,1,11,55,76,66,123,91
865,  Gelterfingen,1,1,13,21,23,45,18
866,  Gerzensee,2,7,55,57,63,137,175
867,  Gurzelen,1,13,39,68,42,81,53
869,  Kaufdorf,0,6,37,57,41,115,141
870,  Kehrsatz,11,27,134,205,205,447,608
872,  Kirchdorf (BE),1,6,44,50,47,110,116
873,  Kirchenthurnen,1,4,15,25,24,41,19
874,  Lohnstorf,0,1,12,13,11,23,25
875,  Mühledorf (BE),1,2,4,10,15,26,37
876,  Mühlethurnen,3,8,63,87,85,184,178
877,  Niedermuhlern,0,8,22,32,45,55,36
878,  Noflen,0,4,20,22,15,31,22
879,  Riggisberg,5,31,130,157,144,272,240
880,  Rüeggisberg,2,21,110,136,126,205,123
881,  Rümligen,1,6,19,28,32,63,50
883,  Seftigen,5,21,102,140,158,266,229
884,  Toffen,3,22,91,128,152,335,371
885,  Uttigen,4,10,57,98,114,253,230
886,  Wattenwil,7,37,148,237,192,312,182
888,  Wald (BE),2,13,64,67,87,113,153
901,  Eggiwil,4,51,149,173,169,186,101
902,  Langnau im Emmental,16,106,492,704,686,999,762
903,  Lauperswil,6,35,143,215,178,272,159
904,  Röthenbach im Emmental,1,21,68,110,75,79,49
905,  Rüderswil,7,30,136,181,183,228,150
906,  Schangnau,3,13,56,71,60,58,35
907,  Signau,3,35,155,231,206,279,159
909,  Trubschachen,5,14,85,114,99,134,63
921,  Amsoldingen,0,9,30,41,43,100,96
922,  Blumenstein,2,18,71,84,86,142,89
923,  Buchholterberg,2,19,82,104,90,167,105
924,  Eriz,0,8,29,46,26,48,17
925,  Fahrni,3,4,34,62,46,90,64
927,  Heiligenschwendi,1,4,34,39,42,90,58
928,  Heimberg,7,43,265,426,504,919,700
929,  Hilterfingen,9,42,176,234,244,460,704
930,  Höfen,1,6,18,34,33,40,40
931,  Homberg,1,5,19,40,30,32,34
932,  Horrenbach-Buchen,0,2,16,16,14,19,4
935,  Oberlangenegg,0,10,31,39,27,46,17
936,  Pohlern,0,6,16,16,22,29,14
937,  Schwendibach,1,2,15,21,19,30,18
938,  Sigriswil,16,59,295,330,330,590,530
939,  Steffisburg,26,125,688,1067,1210,2248,1812
940,  Teuffenthal (BE),2,1,11,10,6,15,7
941,  Thierachern,4,19,99,129,158,307,262
942,  Thun,69,385,1937,3061,3427,6097,4840
943,  Uebeschi,0,9,23,37,45,58,43
944,  Uetendorf,11,42,238,416,436,785,655
945,  Unterlangenegg,1,14,41,81,69,102,58
946,  Wachseldorn,0,3,13,22,18,22,7
947,  Zwieselberg,1,2,16,25,8,23,27
948,  Forst-Längenbühl,1,8,38,48,45,94,54
951,  Affoltern im Emmental,4,9,82,105,100,108,58
952,  Dürrenroth,1,15,63,80,87,84,56
954,  Huttwil,8,62,264,349,382,545,329
955,  Lützelflüh,6,57,211,324,282,432,280
956,  Rüegsau,8,43,172,237,231,348,279
957,  Sumiswald,6,55,339,433,370,487,286
958,  Trachselwald,3,14,54,81,58,86,50
959,  Walterswil (BE),0,4,30,41,41,51,23
960,  Wyssachen,3,27,67,94,67,106,40
971,  Attiswil,3,11,74,106,115,194,128
972,  Berken,0,0,5,7,6,2,4
973,  Bettenhausen,1,9,32,48,61,85,62
975,  Farnern,1,1,14,14,14,25,23
976,  Graben,0,5,17,24,22,47,20
977,  Heimenhausen,2,11,57,70,71,125,92
978,  Hermiswil,0,1,2,8,5,13,10
979,  Herzogenbuchsee,11,48,348,465,557,871,681
980,  Inkwil,0,7,47,38,43,118,56
981,  Niederbipp,10,30,202,302,298,541,398
982,  Niederönz,5,9,63,105,106,222,175
983,  Oberbipp,5,17,82,101,129,220,183
985,  Ochlenberg,2,8,32,50,36,64,33
987,  Rumisberg,1,4,16,33,38,66,59
988,  Seeberg,3,19,104,113,100,172,113
989,  Thörigen,5,16,51,81,98,131,106
990,  Walliswil bei Niederbipp,0,1,10,10,29,36,17
991,  Walliswil bei Wangen,2,8,48,44,39,81,45
992,  Wangen an der Aare,3,17,105,151,175,269,225
993,  Wangenried,1,2,26,31,33,59,32
995,  Wiedlisbach,7,20,129,158,170,285,208
996,  Wolfisberg,0,1,12,17,14,31,16
1001,  Doppleschwand,2,7,38,48,42,69,35
1002,  Entlebuch,9,45,203,260,247,342,185
1004,  Flühli,93,26,99,133,110,142,82
1005,  Hasle (LU),4,29,116,138,109,141,85
1007,  Romoos,1,9,45,51,42,41,17
1008,  Schüpfheim,26,54,245,287,233,379,267
1009,  Werthenstein,3,27,107,129,128,206,117
1010,  Escholzmatt-Marbach,34,62,299,339,286,340,206
1021,  Aesch (LU),0,11,46,60,67,123,133
1022,  Altwis,4,2,21,21,22,47,27
1023,  Ballwil,6,20,91,138,161,326,353
1024,  Emmen,105,308,1367,1820,2280,3753,2364
1025,  Ermensee,1,5,32,46,50,102,95
1026,  Eschenbach (LU),8,33,147,169,228,441,503
1030,  Hitzkirch,9,46,190,263,292,559,525
1031,  Hochdorf,19,99,403,555,618,1108,997
1032,  Hohenrain,4,18,88,136,128,259,284
1033,  Inwil,6,10,88,111,149,308,338
1037,  Rain,5,15,93,111,138,284,385
1039,  Römerswil,2,14,73,95,99,191,164
1040,  Rothenburg,12,65,263,326,388,849,1090
1041,  Schongau,3,6,34,52,67,92,113
1051,  Adligenswil,9,30,168,185,226,561,1001
1052,  Buchrain,13,34,208,277,314,728,879
1053,  Dierikon,2,13,60,74,98,190,195
1054,  Ebikon,33,114,498,699,845,1704,1531
1055,  Gisikon,4,2,48,55,80,144,194
1056,  Greppen,10,11,40,54,38,105,161
1057,  Honau,0,5,19,16,18,40,59
1058,  Horw,60,121,561,774,885,1742,2108
1059,  Kriens,85,273,1189,1657,1893,3559,3323
1061,  Luzern,268,1021,4294,5140,6133,11968,10762
1062,  Malters,17,84,322,422,491,819,668
1063,  Meggen,30,49,259,276,291,738,1623
1064,  Meierskappel,6,8,51,63,66,137,210
1065,  Root,12,38,167,227,316,604,528
1066,  Schwarzenberg,12,32,68,97,105,199,160
1067,  Udligenswil,5,16,73,85,113,243,364
1068,  Vitznau,33,13,64,71,85,138,149
1069,  Weggis,103,55,207,231,235,488,730
1081,  Beromünster,8,57,277,350,374,669,586
1082,  Büron,4,16,88,117,149,235,223
1083,  Buttisholz,12,30,140,171,204,349,285
1084,  Eich,2,9,56,66,92,210,366
1085,  Geuensee,3,23,109,143,140,328,253
1086,  Grosswangen,5,33,125,187,204,337,256
1088,  Hildisrieden,2,22,80,110,108,213,338
1089,  Knutwil,9,17,77,108,111,232,294
1091,  Mauensee,3,13,44,65,67,134,166
1093,  Neuenkirch,14,66,231,328,392,746,722
1094,  Nottwil,3,24,136,164,213,438,428
1095,  Oberkirch,7,31,132,185,288,508,543
1097,  Rickenbach (LU),5,28,139,182,201,322,273
1098,  Ruswil,12,60,340,430,461,792,647
1099,  Schenkon,9,17,88,142,189,368,522
1100,  Schlierbach,1,10,29,41,37,74,78
1102,  Sempach,11,41,148,175,192,440,728
1103,  Sursee,19,93,437,577,724,1429,1084
1104,  Triengen,9,43,187,285,280,470,413
1107,  Wolhusen,6,45,183,273,295,413,359
1121,  Alberswil,2,9,25,51,31,77,33
1122,  Altbüron,1,7,43,67,55,127,97
1123,  Altishofen,1,8,59,75,103,190,155
1125,  Dagmersellen,6,47,214,320,417,678,490
1126,  Ebersecken,1,2,26,35,14,29,24
1127,  Egolzwil,2,10,62,84,102,176,155
1128,  Ettiswil,4,19,117,181,193,287,222
1129,  Fischbach,4,7,31,55,40,62,31
1130,  Gettnau,1,17,50,71,69,107,59
1131,  Grossdietwil,0,11,52,54,58,88,58
1132,  Hergiswil bei Willisau,5,26,81,161,128,127,78
1135,  Luthern,2,20,100,118,85,88,47
1136,  Menznau,6,31,130,212,178,289,168
1137,  Nebikon,11,24,99,158,172,314,258
1139,  Pfaffnau,3,37,95,140,174,280,221
1140,  Reiden,20,74,295,448,475,847,585
1142,  Roggliswil,1,9,50,44,44,78,52
1143,  Schötz,6,44,210,245,259,413,292
1145,  Ufhusen,2,9,50,70,56,79,42
1146,  Wauwil,5,18,83,118,131,239,176
1147,  Wikon,4,22,72,91,104,188,140
1150,  Zell (LU),4,21,117,130,153,202,137
1151,  Willisau,13,85,406,530,580,867,678
1201,  Altdorf (UR),31,77,407,548,690,1307,1001
1202,  Andermatt,76,18,79,74,84,177,158
1203,  Attinghausen,4,19,58,76,93,203,138
1204,  Bauen,1,5,5,21,15,23,19
1205,  Bürglen (UR),15,37,173,221,241,477,338
1206,  Erstfeld,14,37,156,253,265,525,263
1207,  Flüelen,8,19,90,124,120,239,221
1208,  Göschenen,1,3,21,26,39,68,26
1209,  Gurtnellen,6,9,49,43,50,59,20
1210,  Hospental,11,6,10,16,14,33,12
1211,  Isenthal,2,9,27,40,25,41,8
1212,  Realp,5,5,9,14,17,20,21
1213,  Schattdorf,22,52,215,290,329,724,512
1214,  Seedorf (UR),5,10,54,90,88,220,174
1215,  Seelisberg,26,10,47,57,38,81,55
1216,  Silenen,3,27,104,135,157,278,136
1217,  Sisikon,1,3,25,29,20,39,31
1218,  Spiringen,3,13,52,63,45,77,29
1219,  Unterschächen,2,11,36,70,55,61,18
1220,  Wassen,2,9,24,30,37,48,23
1301,  Einsiedeln,66,154,694,888,995,1736,1912
1311,  Gersau,56,32,95,149,131,261,240
1321,  Feusisberg,40,41,168,185,219,524,1328
1322,  Freienbach,73,98,523,634,781,1740,4189
1323,  Wollerau,25,54,241,255,305,588,2098
1331,  Küssnacht (SZ),56,106,452,631,729,1526,2275
1341,  Altendorf,24,54,200,308,366,732,1382
1342,  Galgenen,8,36,191,273,311,615,762
1343,  Innerthal,1,2,7,15,7,19,12
1344,  Lachen,35,78,382,395,507,984,1559
1345,  Reichenburg,5,28,155,214,217,395,423
1346,  Schübelbach,21,94,379,513,591,1121,1018
1347,  Tuggen,4,25,120,179,212,394,457
1348,  Vorderthal,1,17,62,70,60,120,84
1349,  Wangen (SZ),22,45,215,261,299,606,724
1361,  Alpthal,8,7,39,50,43,67,58
1362,  Arth,31,96,509,737,714,1331,1167
1363,  Illgau,6,15,33,38,49,69,52
1364,  Ingenbohl,71,112,440,514,558,1037,1157
1365,  Lauerz,10,10,52,73,59,105,108
1366,  Morschach,33,14,48,58,55,121,111
1367,  Muotathal,6,33,198,217,260,363,224
1368,  Oberiberg,39,16,53,50,58,86,110
1369,  Riemenstalden,0,1,8,7,4,2,1
1370,  Rothenthurm,3,20,101,143,157,247,159
1371,  Sattel,10,21,81,107,127,215,226
1372,  Schwyz,50,126,652,877,976,1911,1865
1373,  Steinen,7,33,137,183,226,395,337
1374,  Steinerberg,3,9,32,63,67,90,96
1375,  Unteriberg,21,29,131,176,161,271,175
1401,  Alpnach,18,66,245,344,466,821,652
1402,  Engelberg,354,69,199,244,235,423,545
1403,  Giswil,50,38,201,255,250,432,295
1404,  Kerns,41,48,285,370,424,686,545
1405,  Lungern,37,27,124,126,137,250,174
1406,  Sachseln,44,44,205,322,342,525,611
1407,  Sarnen,77,108,481,585,693,1371,1310
1501,  Beckenried,28,28,147,190,226,413,519
1502,  Buochs,39,54,216,322,372,698,722
1503,  Dallenwil,11,20,88,126,109,197,181
1504,  Emmetten,54,30,77,95,101,190,181
1505,  Ennetbürgen,35,40,206,233,302,571,849
1506,  Ennetmoos,7,18,94,126,127,265,268
1507,  Hergiswil (NW),30,57,222,247,340,677,1284
1508,  Oberdorf (NW),5,42,147,176,193,400,385
1509,  Stans,26,65,334,447,562,1111,1244
1510,  Stansstad,19,41,211,298,331,694,773
1511,  Wolfenschiessen,3,17,118,130,135,192,150
1630,  Glarus Nord,142,190,853,1146,1182,2193,1686
1631,  Glarus Süd,127,109,604,668,705,1176,890
1632,  Glarus,102,132,670,793,842,1603,1234
1701,  Baar,65,167,788,1024,1216,2775,4366
1702,  Cham,48,115,539,657,811,1792,3110
1703,  Hünenberg,19,53,246,269,401,886,1993
1704,  Menzingen,11,34,169,217,224,440,651
1705,  Neuheim,5,14,85,87,101,196,368
1706,  Oberägeri,20,95,202,269,268,566,1124
1707,  Risch,11,72,279,425,559,1357,1971
1708,  Steinhausen,16,55,306,391,508,1165,1776
1709,  Unterägeri,36,50,297,406,441,946,1563
1710,  Walchwil,12,32,88,109,145,361,914
1711,  Zug,99,226,932,1169,1376,3208,6740
2004,  Bussy (FR),1,0,20,24,24,72,34
2005,  Châbles,5,9,25,29,28,88,114
2008,  Châtillon (FR),2,2,14,20,28,42,64
2009,  Cheiry,2,2,26,20,19,41,30
2010,  Cheyres,26,17,60,89,91,143,153
2011,  Cugy (FR),3,13,74,77,85,173,150
2013,  Domdidier,7,30,108,150,145,315,302
2014,  Dompierre (FR),4,4,43,52,59,116,75
2015,  Estavayer-le-Lac,37,58,308,324,323,689,619
2016,  Fétigny,3,5,34,46,49,83,85
2022,  Gletterens,11,4,37,47,54,102,124
2024,  Léchelles,1,5,20,36,45,93,66
2025,  Lully (FR),3,7,46,35,49,101,101
2027,  Ménières,1,2,11,20,21,35,33
2029,  Montagny (FR),6,24,101,132,117,261,210
2033,  Morens (FR),0,0,9,8,6,18,11
2034,  Murist,0,5,32,31,34,66,42
2035,  Nuvilly,2,8,14,19,19,36,43
2038,  Prévondavaux,0,0,1,7,3,11,3
2039,  Rueyres-les-Prés,1,6,13,15,27,37,27
2040,  Russy,1,5,8,17,14,29,26
2041,  Saint-Aubin (FR),2,10,60,73,70,196,191
2043,  Sévaz,0,1,16,12,21,24,19
2044,  Surpierre,1,3,23,29,16,29,29
2045,  Vallon,0,0,25,18,18,49,31
2047,  Villeneuve (FR),1,2,18,25,27,39,31
2049,  Vuissens,0,0,14,11,17,23,24
2050,  Les Montets,4,10,61,86,74,124,138
2051,  Delley-Portalban,5,14,58,45,72,142,124
2052,  Vernay,0,10,35,51,45,109,103
2061,  Auboranges,0,1,11,10,10,31,42
2063,  Billens-Hennens,4,10,34,28,37,64,70
2066,  Chapelle (Glâne),5,0,17,8,14,26,32
2067,  Le Châtelard,0,7,15,26,20,23,33
2068,  Châtonnaye,3,6,26,44,40,70,69
2072,  Ecublens (FR),1,6,21,20,16,43,33
2079,  Grangettes,0,1,10,7,8,22,17
2086,  Massonnens,2,3,19,30,21,52,34
2087,  Mézières (FR),2,14,52,55,51,89,91
2089,  Montet (Glâne),1,3,14,16,15,51,53
2096,  Romont (FR),15,52,239,263,275,496,379
2097,  Rue,5,14,70,83,83,154,133
2099,  Siviriez,2,20,102,118,103,223,206
2102,  Ursy,5,27,122,120,134,267,268
2111,  Villaz-Saint-Pierre,3,12,50,69,56,120,103
2113,  Vuisternens-devant-Romont,3,19,120,106,106,212,185
2114,  Villorsonnens,4,14,52,58,68,132,133
2115,  Torny,3,4,34,55,51,92,94
2116,  La Folliaz,3,5,44,55,48,109,93
2121,  Haut-Intyamon,25,19,93,99,103,147,107
2122,  Pont-en-Ogoz,6,15,74,79,82,202,217
2123,  Botterens,1,7,31,27,23,51,61
2124,  Broc,13,29,102,165,153,265,221
2125,  Bulle,73,211,933,1080,1126,2380,2001
2126,  Cerniat (FR),9,7,26,35,25,45,23
2127,  Charmey,100,27,113,122,111,223,232
2128,  Châtel-sur-Montsalvens,20,8,15,6,19,33,35
2129,  Corbières,1,8,30,38,48,86,95
2130,  Crésuz,32,5,14,22,25,45,40
2131,  Echarlens,2,13,34,31,40,78,104
2134,  Grandvillard,4,11,39,39,45,80,76
2135,  Gruyères,63,25,93,108,113,227,225
2137,  Hauteville,2,7,27,35,31,51,75
2138,  Jaun,21,15,45,45,43,59,36
2140,  Marsens,4,14,62,51,71,171,249
2143,  Morlon,3,5,21,22,28,58,92
2145,  Le Pâquier (FR),9,12,32,53,46,115,139
2147,  Pont-la-Ville,7,6,31,24,27,54,79
2148,  Riaz,8,16,77,117,118,297,295
2149,  La Roche,3,17,57,85,88,170,126
2152,  Sâles,6,12,83,77,72,127,142
2153,  Sorens,0,14,43,61,42,105,116
2155,  Vaulruz,3,8,43,61,68,120,105
2160,  Vuadens,7,23,77,116,138,245,258
2162,  Bas-Intyamon,17,14,57,85,72,142,101
2171,  Arconciel,1,5,34,25,36,96,109
2172,  Autafond,0,0,3,3,4,7,9
2173,  Autigny,3,5,34,41,39,88,72
2174,  Avry,3,13,63,62,88,180,317
2175,  Belfaux,8,18,77,134,117,303,371
2183,  Corminboeuf,4,10,58,73,76,209,418
2184,  Corpataux-Magnedens,3,8,34,41,42,138,167
2185,  Corserey,1,7,19,16,21,30,40
2186,  Cottens (FR),1,20,42,51,58,131,190
2189,  Ependes (FR),1,10,40,46,63,110,140
2192,  Farvagny,1,18,71,110,118,220,252
2194,  Ferpicloz,0,3,8,9,11,32,45
2196,  Fribourg,118,488,2047,2032,2006,4196,3881
2197,  Givisiez,9,22,86,136,180,394,426
2198,  Granges-Paccot,7,25,100,127,165,389,361
2200,  Grolley,5,14,68,61,112,208,217
2206,  Marly,29,56,321,361,359,831,1050
2208,  Matran,2,12,66,61,71,162,235
2211,  Neyruz (FR),5,16,64,82,120,242,370
2213,  Noréaz,1,4,18,27,32,57,86
2216,  Pierrafortscha,1,1,10,4,3,21,19
2217,  Ponthaux,0,2,21,31,37,66,74
2220,  Le Mouret,3,30,118,126,169,306,377
2221,  Prez-vers-Noréaz,0,9,44,43,49,96,121
2222,  Rossens (FR),1,10,40,55,58,130,182
2223,  Le Glèbe,5,8,54,54,69,118,127
2225,  Senèdes,0,0,5,3,10,25,16
2226,  Treyvaux,5,15,61,78,82,148,134
2228,  Villars-sur-Glâne,45,117,385,451,510,1280,1731
2230,  Villarsel-sur-Marly,0,0,3,4,2,8,10
2231,  Vuisternens-en-Ogoz,1,6,36,42,53,86,79
2233,  Hauterive (FR),4,20,61,101,107,239,320
2234,  La Brillaz,3,14,63,81,61,182,264
2235,  La Sonnaz,3,3,31,33,36,111,152
2243,  Barberêche,1,6,26,33,29,52,61
2250,  Courgevaux,4,11,41,62,78,153,178
2251,  Courlevon,2,9,11,22,23,39,39
2254,  Courtepin,16,19,110,140,149,352,335
2257,  Cressier (FR),3,3,31,51,33,85,128
2258,  Fräschels,1,3,34,20,20,51,69
2259,  Galmiz,7,4,34,35,47,83,72
2260,  Gempenach,1,3,9,24,23,35,32
2261,  Greng,0,3,5,5,7,15,60
2262,  Gurmels,6,37,162,206,236,443,504
2264,  Jeuss,0,1,13,17,25,32,68
2265,  Kerzers,11,27,194,286,299,579,551
2266,  Kleinbösingen,2,7,23,35,35,77,101
2270,  Lurtigen,0,0,13,14,11,24,16
2271,  Meyriez,2,1,17,30,22,57,129
2272,  Misery-Courtion,9,13,60,86,110,186,154
2274,  Muntelier,3,6,34,38,46,124,206
2275,  Murten,18,64,304,359,377,736,893
2276,  Ried bei Kerzers,2,9,39,48,71,111,125
2277,  Salvenach,1,2,27,29,37,59,68
2278,  Ulmiz,2,3,21,32,18,42,52
2279,  Villarepos,4,5,36,36,34,74,74
2280,  Bas-Vully,12,22,74,103,103,224,306
2281,  Haut-Vully,15,15,45,58,76,141,295
2283,  Wallenried,2,2,16,14,21,50,57
2291,  Alterswil,3,20,105,168,164,221,188
2292,  Brünisried,3,8,43,38,51,70,60
2293,  Düdingen,23,79,371,445,512,1006,986
2294,  Giffers,1,13,72,111,100,193,144
2295,  Bösingen,7,33,135,183,217,398,450
2296,  Heitenried,7,15,64,100,109,148,123
2298,  Oberschrot,2,15,73,81,70,139,81
2299,  Plaffeien,45,26,145,160,158,257,121
2300,  Plasselb,3,16,52,62,83,122,86
2301,  Rechthalten,4,10,72,77,88,127,108
2302,  St. Antoni,1,33,98,127,143,271,162
2303,  St. Silvester,1,15,41,72,73,111,66
2304,  St. Ursen,4,19,70,96,71,159,119
2305,  Schmitten (FR),7,36,136,204,231,501,470
2306,  Tafers,5,24,134,186,223,397,410
2307,  Tentlingen,5,8,58,85,90,157,130
2308,  Ueberstorf,8,19,105,141,186,310,282
2309,  Wünnewil-Flamatt,13,63,252,318,335,658,543
2310,  Zumholz,0,7,26,33,36,45,26
2321,  Attalens,10,16,94,149,157,299,456
2323,  Bossonnens,6,9,81,76,63,136,152
2325,  Châtel-Saint-Denis,94,66,293,358,342,717,740
2328,  Granges (Veveyse),6,3,34,38,28,92,122
2333,  Remaufens,3,5,40,45,40,99,133
2335,  Saint-Martin (FR),3,13,42,49,43,83,107
2336,  Semsales,5,18,66,84,81,159,130
2337,  Le Flon,5,13,46,67,45,112,100
2338,  La Verrerie,2,12,51,71,73,91,92
2401,  Egerkingen,6,28,126,198,261,499,359
2402,  Härkingen,2,8,64,90,106,196,205
2403,  Kestenholz,5,11,47,122,124,229,211
2404,  Neuendorf,2,11,75,111,132,288,248
2405,  Niederbuchsiten,3,11,52,60,78,127,110
2406,  Oberbuchsiten,8,9,72,134,157,266,251
2407,  Oensingen,23,45,257,395,460,852,731
2408,  Wolfwil,4,15,81,128,150,310,222
2421,  Aedermannsdorf,2,7,27,36,40,53,55
2422,  Balsthal,18,58,266,375,404,707,581
2423,  Gänsbrunnen,0,3,3,5,4,12,7
2424,  Herbetswil,2,5,30,43,40,69,45
2425,  Holderbank (SO),3,10,38,46,45,87,56
2426,  Laupersdorf,5,16,84,87,127,215,149
2427,  Matzendorf,4,15,69,85,102,167,127
2428,  Mümliswil-Ramiswil,11,33,142,195,184,262,220
2429,  Welschenrohr,5,27,73,83,88,124,72
2441,  Aetigkofen,0,1,11,13,13,30,19
2442,  Aetingen,1,2,15,11,23,46,50
2444,  Bibern (SO),1,4,18,24,18,30,27
2445,  Biezwil,2,2,17,19,29,45,36
2446,  Brügglen,1,2,12,11,11,25,35
2449,  Gossliwil,0,1,9,16,23,27,21
2450,  Hessigkofen,0,4,14,12,7,22,40
2452,  Küttigkofen,0,2,9,16,13,30,38
2453,  Kyburg-Buchegg,1,2,15,17,21,42,48
2455,  Lüterkofen-Ichertswil,3,6,24,56,48,98,122
2456,  Lüterswil-Gächliwil,2,4,22,20,16,40,51
2457,  Messen,5,11,60,86,88,171,173
2458,  Mühledorf (SO),0,5,19,15,27,44,38
2461,  Schnottwil,2,7,38,56,61,132,150
2462,  Tscheppach,1,0,7,15,13,24,22
2463,  Unterramsern,0,1,11,8,13,23,32
2464,  Lüsslingen-Nennigkofen,5,7,28,60,68,129,131
2471,  Bättwil,4,14,38,39,50,117,226
2472,  Büren (SO),1,10,38,38,55,102,146
2473,  Dornach,42,66,240,334,367,797,1093
2474,  Gempen,1,6,22,27,36,95,172
2475,  Hochwald,4,9,46,50,59,119,241
2476,  Hofstetten-Flüh,14,32,84,99,147,326,652
2477,  Metzerlen-Mariastein,2,7,30,45,53,129,165
2478,  Nuglar-St. Pantaleon,1,9,48,76,70,199,256
2479,  Rodersdorf,2,9,47,56,59,133,255
2480,  Seewen,2,10,36,51,65,148,126
2481,  Witterswil,5,6,51,46,52,149,286
2495,  Niedergösgen,11,39,181,254,304,482,389
2502,  Wisen (SO),0,2,22,17,24,51,56
2503,  Erlinsbach (SO),12,32,142,169,239,446,436
2511,  Aeschi (SO),1,15,51,79,92,174,185
2514,  Bolken,1,4,15,30,32,75,77
2517,  Derendingen,22,59,306,411,476,808,615
2518,  Etziken,5,8,30,46,68,113,102
2519,  Gerlafingen,23,52,232,311,364,629,378
2520,  Halten,0,8,31,33,49,129,116
2523,  Horriwil,3,9,32,44,54,97,122
2524,  Hüniken,1,0,5,5,6,14,14
2525,  Kriegstetten,2,18,58,88,88,167,200
2526,  Lohn-Ammannsegg,3,18,79,125,142,372,527
2527,  Luterbach,8,27,158,204,262,507,406
2528,  Obergerlafingen,2,6,33,71,95,181,134
2529,  Oekingen,3,5,29,42,50,109,104
2530,  Recherswil,2,18,89,110,141,233,228
2532,  Subingen,7,27,116,164,209,399,395
2534,  Zuchwil,29,113,513,654,716,1152,704
2535,  Drei Höfe,0,4,26,51,47,110,91
2541,  Balm bei Günsberg,1,2,10,12,7,23,34
2542,  Bellach,17,62,248,352,366,683,605
2543,  Bettlach,11,55,220,275,388,730,699
2544,  Feldbrunnen-St. Niklaus,1,3,26,26,58,116,275
2545,  Flumenthal,1,9,53,67,76,160,106
2546,  Grenchen,58,216,972,1220,1273,2185,1682
2547,  Günsberg,10,13,51,83,78,159,174
2548,  Hubersdorf,0,8,35,45,37,94,119
2549,  Kammersrohr,0,0,6,2,2,3,6
2550,  Langendorf,11,45,180,234,288,524,536
2551,  Lommiswil,2,10,51,70,79,188,235
2553,  Oberdorf (SO),2,10,50,70,88,208,306
2554,  Riedholz,6,11,68,117,132,296,419
2555,  Rüttenen,8,14,77,98,90,191,232
2556,  Selzach,9,19,157,194,241,447,370
2571,  Boningen,0,6,34,46,53,115,89
2572,  Däniken,6,25,114,167,217,440,369
2573,  Dulliken,11,51,231,297,357,616,389
2574,  Eppenberg-Wöschnau,3,4,19,20,30,39,29
2575,  Fulenbach,3,12,61,105,114,241,212
2576,  Gretzenbach,9,24,109,135,161,282,346
2578,  Gunzgen,7,7,69,100,120,267,215
2579,  Hägendorf,10,30,181,222,277,605,704
2580,  Kappel (SO),15,28,125,169,224,442,399
2581,  Olten,58,221,989,1171,1313,2539,2230
2582,  Rickenbach (SO),3,8,41,53,53,131,136
2583,  Schönenwerd,20,62,273,341,357,605,446
2584,  Starrkirch-Wil,2,10,40,67,87,214,308
2585,  Walterswil (SO),0,6,44,43,65,100,72
2586,  Wangen bei Olten,17,32,222,277,358,667,697
2601,  Solothurn,60,234,973,1085,1302,2628,2485
2611,  Bärschwil,1,12,42,75,58,125,65
2612,  Beinwil (SO),1,2,18,18,18,34,16
2613,  Breitenbach,14,25,142,205,227,423,461
2614,  Büsserach,9,15,90,126,152,289,245
2615,  Erschwil,3,10,33,63,68,114,84
2616,  Fehren,2,7,26,38,52,79,69
2617,  Grindel,2,6,22,36,31,72,34
2618,  Himmelried,4,8,44,57,52,107,167
2619,  Kleinlützel,3,9,78,101,106,131,108
2620,  Meltingen,0,5,19,35,46,99,63
2621,  Nunningen,4,16,90,107,112,259,218
2622,  Zullwil,2,7,23,49,37,81,46
2701,  Basel,910,2357,9252,9718,10624,21638,24004
2702,  Bettingen,3,14,30,37,34,99,284
2703,  Riehen,103,202,741,787,984,2324,4564
2761,  Aesch (BL),30,89,342,435,542,1430,1785
2762,  Allschwil,98,161,766,921,1125,2945,3720
2763,  Arlesheim,37,75,303,386,446,1113,1938
2764,  Biel-Benken,6,16,66,86,101,321,841
2765,  Binningen,83,104,515,625,766,1930,3282
2766,  Birsfelden,46,102,444,623,739,1652,1249
2767,  Bottmingen,27,35,157,179,258,719,1584
2768,  Ettingen,24,34,150,199,254,623,971
2769,  Münchenstein,48,92,424,497,661,1593,1827
2770,  Muttenz,66,142,525,774,1050,2518,2993
2771,  Oberwil (BL),43,72,276,339,476,1328,2432
2772,  Pfeffingen,7,12,43,59,71,204,596
2773,  Reinach (BL),71,127,650,862,1078,2681,3490
2774,  Schönenbuch,3,9,31,48,62,148,326
2775,  Therwil,30,57,291,357,422,1229,2079
2781,  Blauen,1,8,33,29,43,94,103
2782,  Brislach,3,11,46,79,90,224,181
2783,  Burg im Leimental,1,1,11,12,16,27,45
2784,  Dittingen,5,4,30,43,55,105,85
2785,  Duggingen,6,5,49,66,61,172,248
2786,  Grellingen,3,11,52,82,113,209,220
2787,  Laufen,16,45,254,275,408,712,641
2788,  Liesberg,7,9,56,85,86,161,134
2789,  Nenzlingen,2,1,13,29,28,46,57
2790,  Roggenburg,2,1,13,18,24,36,16
2791,  Röschenz,7,9,49,79,122,224,302
2792,  Wahlen,5,16,50,93,85,204,169
2793,  Zwingen,5,18,94,113,149,311,242
2821,  Arisdorf,5,7,46,64,86,198,321
2822,  Augst,4,8,30,39,57,152,156
2823,  Bubendorf,12,39,131,166,211,541,743
2824,  Frenkendorf,16,50,205,313,392,878,853
2825,  Füllinsdorf,18,21,123,185,269,548,726
2826,  Giebenach,7,7,34,39,57,128,200
2827,  Hersberg,1,4,6,5,13,50,75
2828,  Lausen,11,37,159,229,303,685,708
2829,  Liestal,54,121,534,651,872,1800,2058
2830,  Lupsingen,6,11,25,37,61,132,305
2831,  Pratteln,49,130,589,817,1020,2027,1736
2832,  Ramlinsburg,1,2,22,18,25,76,161
2833,  Seltisberg,2,6,29,50,49,134,317
2834,  Ziefen,7,14,37,67,71,173,206
2841,  Anwil,2,2,21,30,34,52,74
2842,  Böckten,0,6,26,41,51,105,117
2843,  Buckten,3,5,21,38,46,82,89
2844,  Buus,4,3,37,52,74,138,128
2845,  Diepflingen,2,6,26,36,38,104,89
2846,  Gelterkinden,17,53,220,293,392,759,799
2847,  Häfelfingen,1,1,13,20,17,28,37
2848,  Hemmiken,2,3,13,26,16,33,30
2849,  Itingen,8,9,76,93,123,273,337
2850,  Känerkinden,3,3,20,19,23,61,84
2851,  Kilchberg (BL),0,3,9,6,12,9,27
2852,  Läufelfingen,7,14,52,55,77,162,162
2853,  Maisprach,3,5,46,40,51,110,164
2854,  Nusshof,0,0,3,7,18,27,56
2855,  Oltingen,1,3,21,31,27,50,47
2856,  Ormalingen,3,13,77,90,151,288,291
2857,  Rickenbach (BL),2,6,15,31,28,66,83
2858,  Rothenfluh,0,6,30,36,46,75,118
2859,  Rümlingen,0,4,10,21,14,54,35
2860,  Rünenberg,3,7,23,46,30,98,120
2861,  Sissach,11,41,245,342,418,873,1036
2862,  Tecknau,3,4,32,39,48,93,90
2863,  Tenniken,1,10,45,39,52,134,138
2864,  Thürnen,6,9,45,74,88,188,186
2865,  Wenslingen,1,6,22,40,40,89,108
2866,  Wintersingen,2,3,28,35,29,83,86
2867,  Wittinsburg,0,5,19,14,21,46,59
2868,  Zeglingen,0,1,15,29,27,57,47
2869,  Zunzgen,9,21,88,123,183,345,325
2881,  Arboldswil,0,2,14,23,28,69,92
2882,  Bennwil,2,8,21,37,34,52,89
2883,  Bretzwil,1,6,35,40,46,101,66
2884,  Diegten,9,8,46,82,86,212,213
2885,  Eptingen,4,7,29,35,39,53,48
2886,  Hölstein,4,17,63,96,122,289,372
2887,  Lampenberg,1,4,18,19,25,62,90
2888,  Langenbruck,1,11,49,63,76,114,91
2889,  Lauwil,0,3,13,27,23,33,42
2890,  Liedertswil,1,2,8,8,16,21,22
2891,  Niederdorf,4,12,65,104,102,204,204
2892,  Oberdorf (BL),11,12,90,120,129,270,294
2893,  Reigoldswil,6,18,52,79,109,191,164
2894,  Titterten,0,6,17,21,22,49,54
2895,  Waldenburg,3,15,49,78,76,157,115
2901,  Gächlingen,5,6,32,44,57,91,91
2903,  Löhningen,4,10,59,59,68,159,187
2904,  Neunkirch,7,17,83,109,123,266,233
2914,  Büttenhardt,2,3,10,18,21,29,62
2915,  Dörflingen,1,9,33,51,48,111,153
2917,  Lohn (SH),2,2,35,36,32,91,95
2919,  Stetten (SH),4,7,32,33,54,117,244
2920,  Thayngen,16,41,224,313,339,740,566
2931,  Bargen (SH),2,1,19,24,20,43,25
2932,  Beringen,11,29,170,230,245,561,539
2933,  Buchberg,0,5,34,34,50,84,153
2936,  Merishausen,4,7,37,37,44,91,85
2937,  Neuhausen am Rheinfall,60,145,580,747,756,1269,884
2938,  Rüdlingen,3,7,20,27,23,98,135
2939,  Schaffhausen,138,460,1836,2272,2591,4707,4277
2951,  Beggingen,1,9,30,36,28,52,32
2952,  Schleitheim,5,25,99,118,111,173,155
2953,  Siblingen,0,9,32,41,54,109,108
2961,  Buch (SH),3,3,16,14,28,37,40
2962,  Hemishofen,3,9,21,24,31,51,57
2963,  Ramsen,5,13,77,97,95,141,124
2964,  Stein am Rhein,17,42,172,200,232,415,412
2971,  Hallau,9,20,117,134,109,254,189
2972,  Oberhallau,3,4,21,27,32,45,44
2973,  Trasadingen,3,9,32,36,41,57,43
2974,  Wilchingen,3,14,77,90,108,192,191
3001,  Herisau,95,205,819,1058,1112,1966,1589
3002,  Hundwil,8,9,64,56,58,79,62
3003,  Schönengrund,6,9,41,33,28,51,40
3004,  Schwellbrunn,10,22,77,84,85,165,118
3005,  Stein (AR),9,10,69,89,90,152,160
3006,  Urnäsch,27,35,150,182,139,232,153
3007,  Waldstatt,10,18,89,92,101,198,193
3021,  Bühler,15,16,83,104,115,182,132
3022,  Gais,17,34,153,172,189,327,363
3023,  Speicher,37,43,193,207,266,501,607
3024,  Teufen (AR),29,49,274,349,387,740,1087
3025,  Trogen,18,30,84,82,103,171,212
3031,  Grub (AR),14,21,45,80,59,111,97
3032,  Heiden,28,38,208,234,268,527,420
3033,  Lutzenberg,14,7,53,81,89,142,159
3034,  Rehetobel,12,18,86,115,100,195,193
3035,  Reute (AR),7,13,37,42,45,84,74
3036,  Wald (AR),5,13,55,49,66,76,78
3037,  Walzenhausen,37,28,125,136,140,239,220
3038,  Wolfhalden,13,24,95,126,122,205,184
3101,  Appenzell,43,65,296,352,414,676,731
3102,  Gonten,11,25,90,90,104,176,120
3103,  Rüte,20,32,159,194,181,338,457
3104,  Schlatt-Haslen,5,18,88,77,83,104,73
3105,  Schwende,15,28,98,116,136,212,236
3111,  Oberegg,12,34,91,127,139,228,201
3201,  Häggenschwil,5,9,64,61,62,121,124
3202,  Muolen,9,17,43,77,69,110,125
3203,  St. Gallen,530,1041,4019,4574,5376,9792,8062
3204,  Wittenbach,51,86,464,626,602,1176,1050
3211,  Berg (SG),7,6,28,41,30,84,123
3212,  Eggersriet,23,23,85,118,134,240,296
3213,  Goldach,55,107,481,622,698,1259,1049
3214,  Mörschwil,13,26,99,141,157,361,735
3215,  Rorschach,65,138,578,651,644,938,589
3216,  Rorschacherberg,56,70,340,377,459,899,867
3217,  Steinach,27,37,171,210,225,458,396
3218,  Tübach,5,8,42,64,68,178,191
3219,  Untereggen,6,8,56,35,54,104,153
3231,  Au (SG),51,83,342,449,521,950,751
3232,  Balgach,28,44,218,282,345,596,520
3233,  Berneck,33,38,194,220,256,439,451
3234,  Diepoldsau,38,47,244,310,421,743,623
3235,  Rheineck,33,39,211,212,228,362,270
3236,  St. Margrethen,53,85,293,396,391,667,362
3237,  Thal,45,64,313,368,425,740,699
3238,  Widnau,67,85,355,522,627,1092,970
3251,  Altstätten,87,133,597,743,790,1230,891
3252,  Eichberg,14,26,58,93,83,169,126
3253,  Marbach (SG),8,15,77,117,132,230,201
3254,  Oberriet (SG),67,86,363,508,601,1066,657
3255,  Rebstein,18,45,212,302,329,504,374
3256,  Rüthi (SG),20,34,112,131,140,250,177
3271,  Buchs (SG),193,158,619,792,898,1576,1208
3272,  Gams,69,38,165,186,201,331,315
3273,  Grabs,86,99,267,409,453,756,713
3274,  Sennwald,106,66,263,345,400,588,451
3275,  Sevelen,103,63,238,300,350,567,417
3276,  Wartau,77,60,262,290,370,560,496
3291,  Bad Ragaz,82,69,288,405,421,705,604
3292,  Flums,122,72,296,375,335,463,308
3293,  Mels,62,83,400,579,625,994,766
3294,  Pfäfers,41,17,71,100,86,146,128
3295,  Quarten,180,48,194,209,194,315,217
3296,  Sargans,58,62,278,416,486,825,616
3297,  Vilters-Wangs,72,57,178,301,289,540,441
3298,  Walenstadt,57,50,278,356,337,661,534
3311,  Amden,66,26,93,124,115,204,200
3312,  Benken (SG),10,20,113,163,136,270,281
3313,  Kaltbrunn,10,38,213,297,300,540,413
3315,  Schänis,15,36,194,237,247,433,324
3316,  Weesen,14,22,92,89,83,176,212
3338,  Schmerikon,15,32,156,201,218,386,434
3339,  Uznach,26,47,251,346,388,725,606
3340,  Rapperswil-Jona,149,223,1069,1428,1751,3677,4233
3341,  Gommiswald,61,54,231,328,295,566,576
3342,  Eschenbach (SG),34,82,380,533,531,961,957
3352,  Ebnat-Kappel,29,61,305,384,319,509,383
3359,  Wildhaus-Alt St. Johann,107,50,154,201,174,232,171
3360,  Nesslau,35,68,229,275,247,352,233
3372,  Hemberg,11,12,47,60,51,65,57
3374,  Lichtensteig,16,34,136,180,175,209,152
3375,  Oberhelfenschwil,5,22,65,87,75,141,87
3378,  Neckertal,52,53,269,283,244,388,248
3379,  Wattwil,49,138,517,664,557,813,628
3392,  Kirchberg (SG),43,89,402,507,490,846,693
3393,  Lütisburg,8,22,66,100,81,139,119
3394,  Mosnang,9,41,142,178,163,247,181
3395,  Bütschwil-Ganterschwil,23,47,273,303,328,483,357
3401,  Degersheim,25,43,203,226,236,368,362
3402,  Flawil,57,97,505,622,697,1217,982
3405,  Jonschwil,17,29,139,177,211,447,414
3407,  Oberuzwil,25,55,252,352,438,747,665
3408,  Uzwil,49,123,529,728,800,1619,1187
3422,  Niederbüren,4,15,56,86,86,152,145
3423,  Niederhelfenschwil,11,26,117,132,139,293,339
3424,  Oberbüren,15,35,164,239,256,553,494
3426,  Zuzwil (SG),19,41,173,219,268,535,775
3427,  Wil (SG),107,261,1175,1388,1619,2932,2796
3441,  Andwil (SG),9,9,58,98,97,197,261
3442,  Gaiserwald,38,77,307,413,457,955,1230
3443,  Gossau (SG),83,175,852,1088,1365,2515,2004
3444,  Waldkirch,19,26,135,180,184,317,386
3501,  Alvaschein,1,2,7,14,12,17,8
3502,  Mon,2,0,8,7,9,6,3
3503,  Mutten,0,3,2,6,6,6,3
3504,  Stierva,3,4,9,2,9,14,3
3505,  Tiefencastel,4,5,13,19,17,27,19
3506,  Vaz/Obervaz,613,49,108,187,160,285,365
3511,  Alvaneu,40,3,33,37,35,43,31
3512,  Brienz/Brinzauls,31,2,12,11,11,15,11
3513,  Lantsch/Lenz,84,7,26,40,35,65,56
3514,  Schmitten (GR),14,0,19,16,21,37,12
3515,  Surava,1,1,13,21,11,21,13
3531,  Bivio,47,3,12,16,11,19,18
3534,  Mulegns,0,2,0,3,2,3,4
3539,  Savognin,146,18,58,72,73,117,99
3540,  Sur,8,3,6,5,5,10,3
3551,  Brusio,4,28,75,98,79,108,64
3561,  Poschiavo,41,50,241,260,204,375,254
3571,  Castrisch,0,4,31,42,26,48,36
3572,  Falera,155,14,26,36,35,63,76
3574,  Ilanz,15,20,100,131,119,289,229
3575,  Laax,542,40,86,88,101,211,235
3576,  Ladir,25,4,8,13,10,12,10
3577,  Luven,3,1,21,11,13,20,10
3578,  Pitasch,1,1,7,11,7,10,2
3579,  Riein,0,0,6,10,4,5,3
3580,  Ruschein,23,5,31,27,18,34,25
3581,  Sagogn,68,10,30,50,37,69,74
3582,  Schluein,40,5,35,42,35,62,50
3583,  Schnaus,0,1,9,3,6,12,5
3584,  Sevgein,0,2,6,13,11,26,14
3593,  Duvin,0,2,10,4,2,5,0
3598,  St. Martin,0,1,7,3,1,1,0
3603,  Vals,71,8,65,69,64,127,83
3611,  Andiast,8,5,15,16,12,18,13
3612,  Obersaxen,119,14,52,57,38,101,68
3613,  Pigniu,0,0,4,2,2,5,2
3614,  Rueun,1,2,37,28,31,52,31
3615,  Siat,1,2,12,9,17,15,11
3616,  Waltensburg/Vuorz,24,5,27,19,30,33,20
3617,  Mundaun,51,7,20,29,27,28,28
3618,  Lumnezia,68,32,158,182,165,227,135
3631,  Almens,1,2,11,12,17,25,17
3633,  Fürstenau,0,4,11,32,21,33,43
3634,  Paspels,1,4,20,20,19,38,75
3635,  Pratval,1,1,7,16,13,35,41
3636,  Rodels,0,2,18,19,17,35,29
3637,  Rothenbrunnen,1,2,17,12,23,33,29
3638,  Scharans,5,10,38,54,49,90,100
3640,  Sils im Domleschg,3,14,41,49,43,130,74
3663,  Masein,1,6,16,21,26,48,42
3668,  Thusis,20,24,127,156,191,327,255
3669,  Tschappina,5,1,9,7,8,13,5
3670,  Urmein,12,0,9,7,9,15,15
3672,  Safiental,5,19,60,67,60,66,31
3691,  Hinterrhein,1,1,6,8,2,7,1
3705,  Donat,0,3,12,16,10,25,10
3707,  Lohn (GR),0,0,6,4,3,2,1
3713,  Ferrera,1,0,9,7,7,6,9
3721,  Bonaduz,2,16,113,142,180,364,403
3723,  Rhäzüns,6,11,47,79,63,160,137
3743,  Lavin,0,5,13,11,14,23,28
3744,  Susch,3,4,11,14,17,27,18
3745,  Tarasp,69,4,15,25,15,31,20
3746,  Zernez,2,9,44,65,74,130,125
3752,  Samnaun,13,11,43,47,56,74,78
3761,  Ftan,32,6,34,31,31,35,56
3762,  Scuol,110,15,94,139,149,259,239
3763,  Sent,27,18,41,67,67,78,88
3764,  Valsot,8,8,45,63,65,98,64
3781,  Bever,26,7,33,36,52,80,114
3782,  Celerina/Schlarigna,206,112,105,69,87,193,268
3783,  Madulain,73,15,10,19,11,27,40
3784,  Pontresina,223,47,111,96,107,218,345
3785,  La Punt-Chamues-ch,203,27,37,44,40,102,118
3786,  Samedan,178,76,123,172,190,412,448
3787,  St. Moritz,571,149,260,264,292,678,923
3788,  S-chanf,8,11,27,38,55,87,102
3789,  Sils im Engadin/Segl,123,10,21,50,33,75,109
3790,  Silvaplana,464,75,90,66,81,151,176
3791,  Zuoz,169,41,63,63,68,135,158
3792,  Bregaglia,153,33,123,113,99,164,171
3801,  Arvigo,2,1,12,10,5,6,7
3805,  Castaneda,9,2,20,29,17,26,24
3806,  Cauco,0,1,4,1,3,7,0
3831,  Cama,7,9,26,42,36,74,38
3833,  Leggia,1,1,6,8,12,24,5
3834,  Roveredo (GR),8,35,119,150,132,320,199
3835,  San Vittore,3,11,42,37,55,99,76
3836,  Verdabbio,1,2,8,14,8,20,7
3847,  Val Müstair,34,26,115,125,111,164,107
3851,  Davos,875,195,577,659,744,1417,1447
3861,  Fideris,5,7,35,38,35,55,57
3862,  Furna,1,5,9,10,9,15,6
3863,  Jenaz,3,8,64,79,85,131,94
3871,  Klosters-Serneus,368,113,239,260,241,462,498
3881,  Conters im Prättigau,1,4,18,18,15,16,19
3882,  Küblis,15,10,46,61,64,93,70
3883,  Saas,11,10,51,59,54,91,51
3891,  Luzein,29,17,59,84,80,139,83
3893,  St. Antönien,3,5,24,21,15,25,10
3901,  Chur,122,240,1414,2115,2621,5039,4683
3911,  Churwalden,128,24,105,148,131,244,202
3921,  Arosa,285,71,206,233,203,384,381
3926,  Maladers,3,7,26,44,35,74,37
3932,  Tschiertschen-Praden,21,7,20,25,25,46,20
3946,  Untervaz,5,21,86,145,156,288,308
3947,  Zizers,17,20,120,187,191,424,415
3952,  Jenins,8,7,40,56,58,108,137
3953,  Maienfeld,18,23,133,152,182,379,465
3955,  Landquart,21,65,374,520,565,1142,902
3961,  Grüsch,36,18,66,127,113,247,204
3962,  Schiers,13,20,118,160,159,292,217
3972,  Seewis im Prättigau,15,20,68,92,82,135,117
3981,  Breil/Brigels,91,16,69,116,88,116,78
3982,  Disentis/Mustér,106,19,106,147,148,227,176
3983,  Medel (Lucmagn),3,9,25,32,17,56,18
3985,  Sumvitg,11,21,74,94,92,127,73
3986,  Tujetsch,74,12,82,103,112,186,132
3987,  Trun,14,18,93,99,97,148,74
4001,  Aarau,67,191,977,1216,1556,3081,3173
4002,  Biberstein,4,8,36,58,80,202,351
4003,  Buchs (AG),12,66,256,376,506,1120,1031
4004,  Densbüren,2,7,44,46,44,86,76
4005,  Erlinsbach (AG),9,14,116,152,215,469,698
4006,  Gränichen,21,39,234,395,500,1021,967
4007,  Hirschthal,3,11,50,76,86,225,235
4008,  Küttigen,11,48,210,306,365,789,1063
4009,  Muhen,5,34,125,224,267,507,515
4010,  Oberentfelden,19,65,327,459,491,1011,923
4012,  Suhr,16,91,355,551,598,1221,1226
4013,  Unterentfelden,9,23,151,210,233,560,583
4021,  Baden,64,164,671,914,1179,2710,3598
4022,  Bellikon,2,6,44,72,62,215,380
4023,  Bergdietikon,5,18,76,99,136,330,584
4024,  Birmenstorf (AG),7,19,91,100,161,378,550
4026,  Ennetbaden,21,29,101,124,145,408,800
4027,  Fislisbach,19,40,191,297,358,788,797
4028,  Freienwil,6,7,31,25,42,123,173
4029,  Gebenstorf,16,35,169,269,292,694,759
4030,  Killwangen,4,7,46,77,83,224,387
4031,  Künten,5,17,47,87,98,208,254
4032,  Mägenwil,5,16,64,97,121,229,325
4033,  Mellingen,17,37,181,284,314,604,685
4034,  Neuenhof,27,86,397,503,672,1132,719
4035,  Niederrohrdorf,9,22,102,170,220,466,729
4037,  Oberrohrdorf,10,40,150,201,184,445,850
4038,  Obersiggenthal,27,58,275,380,485,1073,1510
4039,  Remetschwil,6,15,46,84,78,239,398
4040,  Spreitenbach,31,102,438,577,656,1277,973
4041,  Stetten (AG),4,11,76,96,117,240,289
4042,  Turgi,11,26,139,162,204,360,352
4044,  Untersiggenthal,15,52,218,350,395,866,1105
4045,  Wettingen,87,200,871,1118,1324,2969,3344
4046,  Wohlenschwil,2,12,43,72,76,196,205
4047,  Würenlingen,9,29,131,194,229,586,684
4048,  Würenlos,16,37,175,211,272,710,1214
4049,  Ehrendingen,14,30,137,196,275,602,729
4061,  Arni (AG),5,10,61,66,71,196,424
4062,  Berikon,7,32,150,200,243,629,810
4063,  Bremgarten (AG),13,72,288,412,430,885,922
4064,  Büttikon,4,4,36,52,61,120,166
4065,  Dottikon,8,30,135,221,263,540,421
4066,  Eggenwil,4,2,34,42,55,108,184
4067,  Fischbach-Göslikon,1,10,64,91,104,201,233
4068,  Hägglingen,6,21,83,150,136,301,360
4069,  Hermetschwil-Staffeln,0,9,44,60,47,144,170
4071,  Jonen,3,16,65,61,96,202,397
4072,  Niederwil (AG),10,16,86,140,144,306,374
4073,  Oberlunkhofen,4,13,66,77,103,254,442
4074,  Oberwil-Lieli,7,9,64,82,113,252,500
4075,  Rudolfstetten-Friedlisberg,8,36,149,205,245,569,691
4076,  Sarmenstorf,7,30,93,144,183,340,378
4077,  Tägerig,3,16,44,52,77,175,199
4078,  Uezwil,0,0,23,13,23,50,56
4079,  Unterlunkhofen,2,9,55,53,80,172,243
4080,  Villmergen,25,52,247,434,509,1053,769
4081,  Widen,3,17,117,182,194,480,760
4082,  Wohlen (AG),40,126,677,890,954,1744,1644
4083,  Zufikon,12,37,133,245,257,581,728
4084,  Islisberg,0,8,16,22,29,82,133
4091,  Auenstein,3,15,52,83,113,219,287
4092,  Birr,7,25,142,228,234,485,453
4093,  Birrhard,3,5,20,33,41,102,103
4094,  Bözen,1,5,30,46,56,121,75
4095,  Brugg,24,118,473,590,796,1495,1540
4096,  Effingen,1,2,34,36,32,58,91
4097,  Elfingen,1,1,8,15,14,27,51
4099,  Habsburg,1,2,11,26,19,43,102
4100,  Hausen (AG),11,34,115,182,203,461,527
4104,  Lupfig,3,11,65,123,136,371,358
4105,  Mandach,1,5,10,16,29,30,32
4106,  Mönthal,1,6,17,19,18,51,63
4107,  Mülligen,1,7,35,64,61,158,150
4109,  Oberflachs,0,2,25,31,27,58,60
4110,  Remigen,2,7,31,40,69,123,189
4111,  Riniken,2,7,49,84,103,188,217
4112,  Rüfenach,2,5,32,30,52,105,138
4113,  Scherz,2,6,27,32,30,87,107
4114,  Schinznach-Bad,4,12,51,67,79,143,169
4115,  Schinznach-Dorf,9,17,70,96,108,233,240
4117,  Thalheim (AG),0,7,30,43,53,110,117
4120,  Veltheim (AG),6,14,56,73,83,157,192
4121,  Villigen,1,18,67,103,115,275,316
4122,  Villnachern,8,14,48,79,89,177,225
4123,  Windisch,24,58,293,375,402,834,833
4124,  Bözberg,9,8,52,96,103,186,249
4131,  Beinwil am See,6,18,113,181,203,392,415
4132,  Birrwil,2,11,54,54,75,160,161
4133,  Burg (AG),1,14,49,62,82,132,76
4134,  Dürrenäsch,2,11,40,76,67,187,138
4136,  Holziken,2,7,50,95,126,196,139
4137,  Leimbach (AG),1,4,19,26,29,42,61
4138,  Leutwil,3,6,36,36,50,106,99
4139,  Menziken,15,47,265,395,409,661,463
4140,  Oberkulm,5,32,127,141,192,324,241
4142,  Schlossrued,4,10,49,54,51,100,68
4143,  Schmiedrued,1,11,64,94,86,146,82
4144,  Schöftland,14,29,188,263,290,608,519
4145,  Teufenthal (AG),4,10,80,98,106,214,159
4146,  Unterkulm,11,29,111,168,208,343,302
4147,  Zetzwil,2,12,54,80,96,191,141
4161,  Eiken,5,12,69,130,127,275,327
4163,  Frick,21,37,209,275,350,618,733
4164,  Gansingen,1,6,36,66,62,147,113
4165,  Gipf-Oberfrick,9,26,114,154,215,434,616
4166,  Herznach,4,14,53,64,69,187,222
4167,  Hornussen,0,9,40,60,70,125,89
4169,  Kaisten,7,21,83,120,133,323,370
4170,  Laufenburg,15,37,125,171,192,409,407
4172,  Münchwilen (AG),7,5,31,39,65,117,150
4173,  Oberhof,3,5,19,31,29,73,72
4175,  Oeschgen,2,4,28,45,53,133,141
4176,  Schwaderloch,0,6,25,43,50,96,83
4177,  Sisseln,5,6,49,79,96,191,223
4179,  Ueken,3,5,24,42,47,100,139
4181,  Wittnau,4,10,51,72,81,145,182
4182,  Wölflinswil,3,12,33,55,61,110,126
4183,  Zeihen,1,10,42,74,67,151,140
4184,  Mettauertal,3,18,87,119,127,240,268
4191,  Ammerswil,2,4,20,25,37,87,119
4192,  Boniswil,3,9,44,77,97,179,210
4193,  Brunegg,1,6,25,31,57,98,115
4194,  Dintikon,3,9,68,112,125,298,283
4195,  Egliswil,5,8,45,51,85,183,218
4197,  Hallwil,3,10,33,59,60,114,79
4198,  Hendschiken,4,5,34,58,56,136,114
4199,  Holderbank (AG),7,8,39,58,83,162,113
4200,  Hunzenschwil,8,27,136,213,283,524,412
4201,  Lenzburg,37,85,390,511,642,1257,1328
4203,  Möriken-Wildegg,11,37,141,207,265,508,670
4204,  Niederlenz,12,26,156,225,275,531,530
4205,  Othmarsingen,9,13,79,130,184,345,314
4206,  Rupperswil,18,36,164,253,318,759,748
4207,  Schafisheim,0,21,88,147,178,391,390
4208,  Seengen,10,25,123,171,243,464,696
4209,  Seon,14,42,204,255,345,592,615
4210,  Staufen,2,17,78,120,132,395,457
4221,  Abtwil,2,12,26,47,53,105,136
4222,  Aristau,3,8,58,77,83,162,222
4223,  Auw,0,3,67,96,114,228,206
4224,  Beinwil (Freiamt),1,7,56,51,73,130,110
4226,  Besenbüren,3,8,19,28,32,70,90
4227,  Bettwil,2,11,30,31,37,78,67
4228,  Boswil,6,33,94,174,243,348,303
4229,  Bünzen,3,15,49,58,56,120,127
4230,  Buttwil,0,6,44,63,70,128,185
4231,  Dietwil,2,12,42,78,80,177,151
4232,  Geltwil,1,3,6,9,9,25,25
4233,  Kallern,0,5,16,16,13,48,41
4234,  Merenschwand,10,23,113,153,192,381,474
4235,  Mühlau,5,8,44,55,68,146,120
4236,  Muri (AG),22,66,313,380,481,973,943
4237,  Oberrüti,2,12,34,68,90,137,202
4238,  Rottenschwil,0,5,29,39,40,106,133
4239,  Sins,11,31,165,199,264,450,555
4240,  Waltenschwil,6,15,79,135,173,304,371
4251,  Hellikon,2,5,26,44,53,110,86
4252,  Kaiseraugst,22,37,152,234,308,807,1032
4253,  Magden,27,20,90,128,174,398,799
4254,  Möhlin,40,75,380,535,597,1391,1493
4255,  Mumpf,0,16,57,75,82,193,171
4256,  Obermumpf,3,10,40,57,67,117,131
4257,  Olsberg,0,2,13,12,18,44,89
4258,  Rheinfelden,49,117,489,654,771,1738,1933
4259,  Schupfart,4,7,28,45,68,103,111
4260,  Stein (AG),10,24,115,150,202,409,458
4261,  Wallbach,3,18,46,95,87,231,370
4262,  Wegenstetten,1,11,32,53,66,126,140
4263,  Zeiningen,5,17,86,118,136,280,348
4264,  Zuzgen,1,6,22,39,40,107,121
4271,  Aarburg,23,53,327,412,535,943,712
4272,  Attelwil,1,6,19,15,19,32,29
4273,  Bottenwil,0,5,43,55,47,95,102
4274,  Brittnau,9,36,143,228,271,518,433
4275,  Kirchleerau,3,10,40,53,83,125,71
4276,  Kölliken,7,30,175,256,289,580,517
4277,  Moosleerau,3,13,42,61,73,96,88
4279,  Murgenthal,5,24,117,189,226,327,286
4280,  Oftringen,29,111,586,828,984,1905,1365
4281,  Reitnau,2,10,59,68,89,146,111
4282,  Rothrist,21,69,346,478,582,1112,963
4283,  Safenwil,6,21,163,236,265,557,356
4284,  Staffelbach,4,8,45,68,91,162,103
4285,  Strengelbach,14,42,196,304,363,630,448
4286,  Uerkheim,2,15,64,73,103,175,157
4287,  Vordemwald,4,16,92,115,110,250,201
4288,  Wiliberg,0,2,8,9,4,31,20
4289,  Zofingen,37,105,543,736,822,1723,1642
4301,  Baldingen,1,3,13,14,17,25,36
4302,  Böbikon,0,0,6,7,9,22,20
4303,  Böttstein,7,35,139,213,235,432,430
4304,  Döttingen,16,33,141,218,240,470,483
4305,  Endingen,3,11,68,88,105,249,299
4306,  Fisibach,1,3,12,22,18,56,43
4307,  Full-Reuenthal,3,7,46,38,49,97,108
4308,  Kaiserstuhl,3,7,20,26,24,60,45
4309,  Klingnau,10,28,148,194,236,392,442
4310,  Koblenz,7,17,73,86,99,205,145
4311,  Leibstadt,3,13,42,59,79,173,146
4312,  Lengnau (AG),5,17,82,132,147,297,387
4313,  Leuggern,3,11,105,119,134,268,252
4314,  Mellikon,1,2,7,15,22,28,30
4315,  Rekingen (AG),6,10,26,43,73,115,80
4316,  Rietheim,2,5,23,42,39,75,76
4317,  Rümikon,0,0,8,13,27,30,22
4318,  Schneisingen,3,8,44,72,87,173,229
4319,  Siglistorf,2,4,25,36,32,71,90
4320,  Tegerfelden,3,6,28,50,94,137,163
4321,  Unterendingen,0,6,10,18,15,52,50
4322,  Wislikofen,2,3,11,23,20,51,41
4323,  Bad Zurzach,37,44,206,228,261,532,525
4401,  Arbon,73,203,876,1017,993,1741,1345
4406,  Dozwil,2,6,28,43,35,65,73
4411,  Egnach,16,37,191,271,297,556,506
4416,  Hefenhofen,2,11,76,78,64,129,118
4421,  Horn,10,16,122,162,186,385,404
4426,  Kesswil,9,13,39,57,52,101,139
4431,  Roggwil (TG),12,22,96,130,152,325,445
4436,  Romanshorn,60,171,616,705,756,1286,969
4441,  Salmsach,6,12,55,85,91,163,128
4446,  Sommeri,2,8,20,34,30,65,50
4451,  Uttwil,7,11,88,94,103,211,267
4461,  Amriswil,59,147,802,857,873,1517,1025
4471,  Bischofszell,24,54,281,384,450,705,495
4476,  Erlen,11,30,169,195,221,373,284
4486,  Hauptwil-Gottshaus,7,16,88,123,115,236,194
4495,  Hohentannen,6,10,35,25,34,62,53
4501,  Kradolf-Schönenberg,18,39,173,236,267,384,302
4506,  Sulgen,14,54,163,243,270,434,368
4511,  Zihlschlacht-Sitterdorf,6,22,81,160,123,258,201
4536,  Basadingen-Schlattingen,5,18,72,92,102,195,224
4545,  Diessenhofen,18,36,152,215,251,452,407
4546,  Schlatt (TG),5,15,64,89,76,217,207
4551,  Aadorf,33,65,361,487,575,1147,1168
4561,  Felben-Wellhausen,9,24,98,132,168,375,324
4566,  Frauenfeld,84,244,1165,1507,1804,3367,3351
4571,  Gachnang,16,30,142,174,194,402,582
4590,  Hüttlingen,3,11,37,51,62,109,90
4591,  Matzingen,9,28,98,137,159,298,312
4601,  Neunforn,1,15,42,44,67,143,157
4606,  Stettfurt,1,6,34,45,58,123,206
4611,  Thundorf,2,16,59,77,88,175,168
4616,  Uesslingen-Buch,3,10,50,61,70,141,154
4621,  Warth-Weiningen,0,8,45,51,52,180,231
4641,  Altnau,10,18,82,116,108,255,309
4643,  Bottighofen,13,22,55,77,112,259,468
4646,  Ermatingen,30,32,146,162,184,373,512
4656,  Güttingen,12,12,68,81,102,155,176
4666,  Kemmental,10,22,118,137,143,260,245
4671,  Kreuzlingen,220,280,1073,1249,1208,2356,2456
4681,  Langrickenbach,8,24,53,75,80,128,115
4683,  Lengwil,7,17,52,73,90,173,166
4691,  Münsterlingen,23,37,146,173,181,375,436
4696,  Tägerwilen,38,49,168,227,246,495,565
4701,  Wäldi,6,15,55,68,47,102,111
4711,  Affeltrangen,11,20,114,130,146,254,262
4716,  Bettwiesen,3,18,47,80,82,128,129
4721,  Bichelsee-Balterswil,7,22,112,162,201,335,328
4723,  Braunau,4,13,26,38,48,76,84
4724,  Eschlikon,16,44,186,254,299,546,558
4726,  Fischingen,19,30,131,192,171,291,283
4741,  Lommis,6,11,47,77,62,131,149
4751,  Rickenbach (TG),10,29,139,191,232,380,267
4756,  Schönholzerswilen,4,12,30,42,37,88,68
4761,  Sirnach,26,74,384,475,566,910,849
4776,  Tobel-Tägerschen,2,14,58,104,106,179,143
4781,  Wängi,15,40,177,223,265,559,564
4786,  Wilen (TG),7,20,74,99,119,242,345
4791,  Wuppenau,3,16,43,55,50,112,118
4801,  Berlingen,5,15,54,62,60,130,125
4806,  Eschenz,8,12,89,111,113,209,193
4811,  Herdern,4,10,37,55,59,104,135
4816,  Homburg,5,22,69,93,92,153,178
4821,  Hüttwilen,3,7,66,83,89,184,243
4826,  Mammern,5,5,25,49,34,59,84
4831,  Müllheim,11,20,110,151,148,362,313
4841,  Pfyn,3,13,88,111,129,262,243
4846,  Raperswilen,3,4,25,28,20,52,40
4851,  Salenstein,21,23,48,62,87,156,253
4864,  Steckborn,20,43,216,250,234,402,425
4871,  Wagenhausen,13,21,86,105,117,220,159
4881,  Amlikon-Bissegg,3,20,58,85,71,154,172
4891,  Berg (TG),6,36,137,182,170,384,369
4901,  Birwinken,4,16,76,81,86,141,116
4911,  Bürglen (TG),12,39,213,244,234,446,316
4921,  Bussnang,6,32,87,135,151,257,228
4941,  Märstetten,6,22,142,154,175,324,366
4946,  Weinfelden,46,111,549,723,836,1516,1344
4951,  Wigoltingen,11,22,106,134,143,274,263
5001,  Arbedo-Castione,49,47,223,280,312,600,460
5002,  Bellinzona,141,249,952,1175,1124,2164,1849
5003,  Cadenazzo,58,28,129,166,155,261,177
5004,  Camorino,25,26,96,157,149,344,326
5005,  Giubiasco,56,97,426,499,567,1006,861
5006,  Gnosca,4,6,30,36,35,101,76
5007,  Gorduno,8,2,26,52,39,108,79
5008,  Gudo,7,9,51,59,51,103,93
5009,  Isone,9,6,30,32,38,63,30
5010,  Lumino,44,10,78,82,74,186,154
5012,  Moleno,0,1,6,8,4,16,10
5013,  Monte Carasso,17,27,94,140,173,345,345
5014,  Pianezzo,14,9,30,38,42,86,81
5015,  Preonzo,9,10,26,41,36,70,75
5017,  Sant'Antonino,15,22,105,144,133,274,217
5018,  Sant'Antonio,9,2,14,16,21,36,17
5019,  Sementina,11,33,127,192,180,376,341
5048,  Acquarossa,77,35,116,145,129,221,116
5049,  Blenio,61,29,146,122,129,225,115
5050,  Serravalle,98,31,134,181,148,229,166
5061,  Airolo,31,21,92,104,94,212,147
5063,  Bedretto,9,2,8,7,3,15,13
5064,  Bodio,17,18,70,66,60,104,64
5071,  Dalpe,18,5,6,11,18,22,29
5072,  Faido,117,47,210,223,191,389,224
5073,  Giornico,19,18,45,76,58,106,61
5076,  Personico,2,10,18,34,12,50,29
5077,  Pollegio,2,6,40,54,44,94,53
5078,  Prato (Leventina),15,6,28,32,22,44,30
5079,  Quinto,28,19,55,76,78,125,80
5081,  Sobrio,10,0,9,7,5,8,6
5091,  Ascona,516,189,412,376,330,588,768
5095,  Brione (Verzasca),10,8,15,16,11,16,13
5096,  Brione sopra Minusio,46,13,32,36,35,69,84
5097,  Brissago,361,75,163,139,127,228,225
5102,  Corippo,3,1,4,1,0,2,2
5105,  Frasco,5,3,6,14,3,11,6
5108,  Gordola,54,63,244,289,270,495,479
5109,  Gresso,1,0,7,3,3,6,2
5112,  Lavertezzo,24,19,66,72,66,115,107
5113,  Locarno,350,282,1049,1186,963,1603,1176
5115,  Losone,95,86,357,470,408,729,653
5117,  Mergoscia,31,9,21,12,12,21,17
5118,  Minusio,248,161,490,499,435,876,929
5119,  Mosogno,3,0,6,4,3,4,3
5120,  Muralto,125,62,223,248,192,300,325
5121,  Orselina,69,21,56,41,39,103,139
5125,  Ronco sopra Ascona,160,43,78,55,51,66,110
5129,  Sonogno,1,2,7,10,8,5,6
5131,  Tenero-Contra,32,48,171,190,167,289,248
5132,  Vergeletto,4,3,8,4,9,6,3
5135,  Vogorno,21,9,19,35,22,22,20
5136,  Onsernone,16,7,24,27,28,20,11
5137,  Isorno,33,11,39,33,19,32,15
5138,  Cugnasco-Gerra,47,33,122,173,180,315,341
5141,  Agno,64,63,219,307,235,480,444
5143,  Aranno,13,3,16,20,13,23,48
5144,  Arogno,31,13,53,69,56,103,93
5146,  Astano,23,7,17,21,21,34,23
5148,  Bedano,10,8,46,79,76,182,201
5149,  Bedigliora,25,11,34,43,41,59,63
5151,  Bioggio,37,25,118,136,146,293,379
5154,  Bissone,114,27,56,43,59,94,128
5155,  Bogno,3,4,11,9,13,11,8
5160,  Brusino Arsizio,51,8,29,32,25,52,74
5161,  Cademario,30,13,44,47,33,79,95
5163,  Cadro,65,21,73,112,110,250,354
5167,  Canobbio,20,24,98,107,109,219,251
5170,  Carona,66,28,37,46,37,74,148
5173,  Certara,2,0,3,2,4,5,3
5176,  Comano,14,20,87,71,88,219,422
5181,  Curio,15,8,29,43,27,59,59
5186,  Grancia,6,11,26,25,34,63,43
5187,  Gravesano,15,9,58,59,54,149,199
5189,  Lamone,12,28,105,94,103,192,139
5192,  Lugano,1806,1126,3260,3409,2896,5381,7279
5193,  Magliaso,28,23,60,68,72,173,230
5194,  Manno,7,8,49,64,65,144,204
5196,  Massagno,107,95,348,345,324,621,705
5197,  Melano,45,20,61,82,80,144,148
5198,  Melide,91,31,108,119,88,188,235
5199,  Mezzovico-Vira,7,14,58,67,69,152,162
5200,  Miglieglia,6,3,15,23,12,33,16
5202,  Monteggio,28,21,62,67,50,100,78
5203,  Morcote,112,32,62,48,38,82,140
5205,  Muzzano,7,12,32,29,44,105,140
5206,  Neggio,12,8,12,10,19,33,61
5207,  Novaggio,16,10,45,63,54,87,86
5208,  Origlio,37,14,54,44,58,138,250
5210,  Paradiso,248,103,240,224,205,294,450
5212,  Ponte Capriasca,27,7,82,78,69,186,300
5213,  Ponte Tresa,55,23,69,55,50,93,69
5214,  Porza,23,24,59,58,60,152,332
5216,  Pura,49,17,84,69,63,145,185
5219,  Rovio,52,9,33,54,36,92,110
5221,  Savosa,26,42,110,124,111,202,332
5222,  Sessa,15,11,31,45,44,72,64
5224,  Sonvico,20,23,82,96,100,212,290
5225,  Sorengo,28,30,59,90,78,147,268
5226,  Capriasca,85,87,326,351,350,714,792
5229,  Valcolla,25,6,42,44,59,73,42
5230,  Vernate,41,6,14,29,33,57,113
5231,  Vezia,10,24,69,127,77,197,290
5236,  Collina d'Oro,126,81,189,197,174,419,924
5237,  Alto Malcantone,44,21,83,79,101,141,147
5238,  Monteceneri,23,50,217,301,277,513,401
5242,  Balerna,52,53,202,228,221,406,262
5243,  Besazio,7,5,29,22,26,53,116
5249,  Castel San Pietro,22,22,90,111,107,255,298
5250,  Chiasso,293,188,631,632,524,803,547
5251,  Coldrerio,34,39,141,183,176,350,309
5253,  Ligornetto,11,21,69,89,79,189,238
5254,  Mendrisio,220,178,639,767,648,1359,1408
5255,  Meride,12,6,23,25,25,38,41
5257,  Morbio Inferiore,70,52,252,262,242,504,492
5260,  Novazzano,22,25,123,151,147,306,287
5263,  Riva San Vitale,85,36,120,162,150,289,301
5266,  Stabio,55,57,205,241,204,450,460
5269,  Breggia,55,18,90,107,115,269,241
5281,  Biasca,32,71,295,350,352,704,456
5282,  Claro,21,28,103,132,141,324,305
5286,  Osogna,6,9,54,53,62,111,79
5304,  Bosco/Gurin,2,2,6,3,6,7,3
5307,  Campo (Vallemaggia),3,1,7,6,4,5,1
5309,  Cerentino,0,3,6,3,2,4,6
5310,  Cevio,40,17,101,90,91,117,81
5315,  Linescio,5,0,10,2,2,10,6
5317,  Maggia,69,29,171,191,157,262,184
5323,  Lavizzara,22,12,45,54,36,63,34
5324,  Avegno Gordevio,16,13,78,92,81,156,124
5397,  Centovalli,48,29,102,98,67,158,85
5398,  Gambarogno,468,89,296,386,305,610,503
5401,  Aigle,54,129,457,579,556,939,735
5402,  Bex,49,80,356,399,330,618,582
5403,  Chessel,2,5,8,20,12,25,47
5404,  Corbeyrier,5,5,25,23,18,44,43
5405,  Gryon,347,60,118,84,66,122,167
5406,  Lavey-Morcles,7,15,55,63,47,108,72
5407,  Leysin,262,49,142,126,119,243,220
5408,  Noville,4,8,27,44,30,87,128
5409,  Ollon,862,230,390,359,309,636,979
5410,  Ormont-Dessous,63,21,81,88,82,109,63
5411,  Ormont-Dessus,270,72,112,123,93,162,157
5412,  Rennaz,3,12,30,41,46,81,72
5413,  Roche (VD),6,11,59,80,79,162,117
5414,  Villeneuve (VD),42,64,250,319,285,494,432
5415,  Yvorne,3,11,41,69,60,125,147
5421,  Apples,3,9,48,46,54,119,218
5422,  Aubonne,13,28,86,101,131,295,566
5423,  Ballens,0,5,25,25,21,52,70
5424,  Berolle,1,3,16,9,15,29,39
5425,  Bière,6,8,69,102,82,172,132
5426,  Bougy-Villars,2,5,15,19,10,38,107
5427,  Féchy,5,5,30,22,26,61,201
5428,  Gimel,3,11,68,75,83,155,252
5429,  Longirod,0,1,25,18,20,36,76
5430,  Marchissy,5,2,15,17,18,32,69
5431,  Mollens (VD),4,1,20,12,15,32,38
5432,  Montherod,2,3,18,15,18,40,72
5434,  Saint-George,9,9,30,47,28,79,165
5435,  Saint-Livres,0,5,24,26,30,66,109
5436,  Saint-Oyens,0,5,9,12,18,29,53
5437,  Saubraz,1,2,5,13,14,33,47
5451,  Avenches,18,39,161,221,247,388,308
5456,  Cudrefin,7,9,49,70,63,162,223
5458,  Faoug,7,5,29,48,49,90,127
5464,  Vully-les-Lacs,17,21,122,154,171,292,393
5471,  Bettens,1,3,10,15,18,44,80
5472,  Bournens,0,5,16,10,16,34,65
5473,  Boussens,3,7,23,31,37,80,185
5474,  La Chaux (Cossonay),0,2,7,24,16,51,58
5475,  Chavannes-le-Veyron,1,1,4,9,6,13,16
5476,  Chevilly,1,1,14,11,16,25,37
5477,  Cossonay,10,24,119,165,179,390,480
5478,  Cottens (VD),0,2,11,18,21,47,92
5479,  Cuarnens,1,2,18,22,24,39,67
5480,  Daillens,3,6,23,26,30,97,193
5481,  Dizy,0,0,7,7,7,19,34
5482,  Eclépens,2,10,31,38,53,119,176
5483,  Ferreyres,0,2,6,10,7,22,51
5484,  Gollion,2,4,28,38,46,93,136
5485,  Grancy,1,4,12,16,16,41,75
5486,  L'Isle,5,6,49,55,58,133,117
5487,  Lussery-Villars,0,3,13,27,33,53,63
5488,  Mauraz,0,2,2,4,1,8,6
5489,  Mex (VD),2,6,22,26,39,85,147
5490,  Moiry,1,1,11,14,10,28,35
5491,  Mont-la-Ville,1,3,11,20,18,38,42
5492,  Montricher,1,9,38,49,53,84,132
5493,  Orny,1,2,15,19,15,36,52
5494,  Pampigny,5,7,46,39,47,104,178
5495,  Penthalaz,8,27,99,172,177,407,375
5496,  Penthaz,2,8,47,52,93,194,277
5497,  Pompaples,1,8,29,36,35,72,86
5498,  La Sarraz,7,12,88,132,135,298,310
5499,  Senarclens,6,1,10,25,21,45,75
5500,  Sévery,0,2,12,13,8,16,37
5501,  Sullens,4,8,22,38,40,104,169
5503,  Vufflens-la-Ville,4,7,33,43,43,138,256
5511,  Assens,0,13,31,35,50,108,203
5512,  Bercher,4,4,33,52,50,105,172
5513,  Bioley-Orjulaz,1,0,16,17,23,68,75
5514,  Bottens,3,12,28,44,55,163,204
5515,  Bretigny-sur-Morrens,1,3,20,46,41,108,122
5516,  Cugy (VD),5,11,74,89,112,282,511
5518,  Echallens,11,48,192,244,236,567,760
5520,  Essertines-sur-Yverdon,3,8,25,37,58,94,151
5521,  Etagnières,1,6,30,43,46,104,183
5522,  Fey,1,11,20,29,42,63,97
5523,  Froideville,3,14,56,61,82,223,390
5527,  Morrens (VD),1,7,38,39,41,97,200
5529,  Oulens-sous-Echallens,0,9,14,22,30,54,99
5530,  Pailly,2,2,26,26,18,48,68
5531,  Penthéréaz,0,1,19,21,24,38,58
5533,  Poliez-Pittet,2,3,22,40,46,99,103
5534,  Rueyres,1,1,6,10,15,20,33
5535,  Saint-Barthélemy (VD),1,3,26,38,36,90,105
5537,  Villars-le-Terroir,3,6,32,46,50,104,150
5539,  Vuarrens,3,5,24,27,40,83,109
5540,  Montilliez,2,10,44,60,67,176,261
5541,  Goumoëns,3,3,37,34,44,88,182
5551,  Bonvillars,4,2,13,20,24,52,89
5552,  Bullet,13,10,30,37,41,78,64
5553,  Champagne,4,7,34,46,56,103,142
5554,  Concise,15,11,43,47,55,99,118
5555,  Corcelles-près-Concise,0,2,7,20,12,37,44
5556,  Fiez,0,0,8,15,17,45,59
5557,  Fontaines-sur-Grandson,0,1,8,12,11,16,20
5559,  Giez,1,7,18,22,18,35,65
5560,  Grandevent,0,2,9,9,7,31,32
5561,  Grandson,9,26,125,148,175,356,444
5562,  Mauborget,2,4,12,8,9,6,13
5563,  Mutrux,0,1,3,7,8,18,16
5564,  Novalles,1,0,8,9,3,12,10
5565,  Onnens (VD),2,8,31,25,23,46,69
5566,  Provence,3,3,26,26,29,44,26
5568,  Sainte-Croix,93,77,304,349,269,464,318
5571,  Tévenon,10,9,32,39,41,75,94
5581,  Belmont-sur-Lausanne,24,19,75,85,114,284,817
5582,  Cheseaux-sur-Lausanne,9,33,120,150,198,504,673
5583,  Crissier,25,58,214,310,339,689,831
5584,  Epalinges,36,74,242,309,307,840,1730
5585,  Jouxtens-Mézery,1,6,30,28,34,92,353
5586,  Lausanne,617,1486,6196,6723,6702,14058,15253
5587,  Le Mont-sur-Lausanne,27,39,186,194,234,715,1315
5588,  Paudex,3,18,60,65,56,161,276
5589,  Prilly,46,130,590,680,693,1415,1165
5590,  Pully,113,164,603,675,707,1817,4035
5591,  Renens (VD),56,150,862,1055,1056,2019,1570
5592,  Romanel-sur-Lausanne,7,27,123,135,166,426,468
5601,  Chexbres,28,16,84,110,125,239,391
5604,  Forel (Lavaux),9,19,76,88,92,246,307
5606,  Lutry,109,89,305,373,343,855,2330
5607,  Puidoux,20,19,121,129,154,291,342
5609,  Rivaz,2,3,7,12,13,38,78
5610,  Saint-Saphorin (Lavaux),2,2,11,22,18,40,71
5611,  Savigny,17,21,112,137,148,342,600
5613,  Bourg-en-Lavaux,29,45,156,204,217,520,1078
5621,  Aclens,1,3,17,24,29,59,101
5622,  Bremblens,3,3,10,10,22,38,114
5623,  Buchillon,4,4,9,18,15,41,178
5624,  Bussigny-près-Lausanne,28,58,280,366,389,912,1153
5625,  Bussy-Chardonney,0,2,10,13,9,36,73
5627,  Chavannes-près-Renens,23,63,259,353,367,741,535
5628,  Chigny,0,4,11,12,10,19,77
5629,  Clarmont,0,3,4,10,8,21,30
5631,  Denens,2,2,16,18,28,55,149
5632,  Denges,6,13,56,58,64,159,272
5633,  Echandens,9,11,64,94,96,231,457
5634,  Echichens,4,20,71,89,97,230,502
5635,  Ecublens (VD),25,82,415,551,565,1244,1377
5636,  Etoy,10,17,82,73,89,225,473
5637,  Lavigny,1,7,17,30,34,68,151
5638,  Lonay,12,12,68,74,97,257,500
5639,  Lully (VD),3,2,11,10,19,59,178
5640,  Lussy-sur-Morges,3,5,10,18,16,50,151
5642,  Morges,96,182,757,851,879,1805,2125
5643,  Préverenges,32,38,151,171,245,629,908
5644,  Reverolle,0,4,7,16,16,32,61
5645,  Romanel-sur-Morges,3,3,14,26,15,45,93
5646,  Saint-Prex,31,35,166,222,248,569,967
5648,  Saint-Sulpice (VD),27,25,85,94,107,284,817
5649,  Tolochenaz,6,9,67,86,79,188,269
5650,  Vaux-sur-Morges,0,0,2,7,7,14,37
5651,  Villars-Sainte-Croix,3,6,12,23,21,69,158
5652,  Villars-sous-Yens,1,4,16,15,20,61,107
5653,  Vufflens-le-Château,1,1,17,14,21,46,198
5654,  Vullierens,1,11,11,35,32,57,68
5655,  Yens,4,11,33,49,56,114,238
5661,  Boulens,0,1,19,17,16,26,46
5662,  Brenles,1,0,8,9,7,14,21
5663,  Bussy-sur-Moudon,0,1,13,19,10,28,21
5665,  Chavannes-sur-Moudon,0,0,10,16,11,21,24
5666,  Chesalles-sur-Moudon,2,1,9,13,7,19,13
5668,  Cremin,1,2,3,6,0,5,6
5669,  Curtilles,3,2,15,12,19,30,35
5671,  Dompierre (VD),0,2,14,13,14,28,22
5672,  Forel-sur-Lucens,0,0,5,11,13,21,15
5673,  Hermenches,0,4,12,15,21,30,49
5674,  Lovatens,0,1,10,13,8,14,14
5675,  Lucens,9,35,152,189,144,312,227
5678,  Moudon,18,67,247,334,261,482,356
5680,  Ogens,2,5,12,18,14,27,40
5683,  Prévonloup,2,1,10,8,7,16,15
5684,  Rossenges,0,0,2,6,2,2,11
5686,  Sarzens,0,1,1,5,7,7,8
5688,  Syens,0,1,1,5,9,10,20
5690,  Villars-le-Comte,0,2,9,8,9,16,13
5692,  Vucherens,2,5,17,29,35,62,76
5693,  Montanaire,5,13,115,131,138,264,280
5701,  Arnex-sur-Nyon,0,0,3,3,3,20,45
5702,  Arzier,19,15,52,80,65,148,530
5703,  Bassins,14,8,28,33,48,86,270
5704,  Begnins,18,14,53,59,56,147,351
5705,  Bogis-Bossey,5,6,19,16,25,37,201
5706,  Borex,12,7,12,24,25,66,219
5707,  Chavannes-de-Bogis,13,6,25,22,32,73,265
5708,  Chavannes-des-Bois,6,6,7,9,16,43,196
5709,  Chéserex,10,8,29,23,36,101,306
5710,  Coinsins,1,2,12,14,18,30,91
5711,  Commugny,13,12,53,67,60,126,659
5712,  Coppet,35,16,61,58,83,191,724
5713,  Crans-près-Céligny,20,13,39,40,32,127,551
5714,  Crassier,7,7,21,20,24,82,263
5715,  Duillier,7,4,19,19,24,107,234
5716,  Eysins,10,11,33,29,38,132,289
5717,  Founex,37,21,55,66,72,165,807
5718,  Genolier,10,13,38,34,60,115,431
5719,  Gingins,4,7,29,34,34,93,288
5720,  Givrins,4,6,22,24,28,69,242
5721,  Gland,37,95,374,429,526,1187,2034
5722,  Grens,1,2,6,12,16,21,70
5723,  Mies,11,12,37,33,43,107,419
5724,  Nyon,131,174,740,788,889,2010,3270
5725,  Prangins,19,22,88,107,128,308,894
5726,  La Rippe,8,7,18,38,30,87,222
5727,  Saint-Cergue,73,34,109,121,104,254,376
5728,  Signy-Avenex,4,4,10,19,17,47,108
5729,  Tannay,6,8,39,37,37,80,356
5730,  Trélex,9,8,31,27,27,74,346
5731,  Le Vaud,6,7,30,37,29,109,242
5732,  Vich,4,1,25,32,24,57,175
5741,  L'Abergement,0,0,9,10,13,26,40
5742,  Agiez,0,1,13,15,17,35,39
5743,  Arnex-sur-Orbe,1,3,27,33,41,66,75
5744,  Ballaigues,2,10,30,70,47,106,106
5745,  Baulmes,6,12,43,61,64,90,124
5746,  Bavois,7,7,39,47,60,108,109
5747,  Bofflens,1,2,8,11,13,17,25
5748,  Bretonnières,0,4,5,15,12,21,27
5749,  Chavornay,12,40,118,168,222,414,435
5750,  Les Clées,0,1,5,5,7,21,27
5751,  Corcelles-sur-Chavornay,0,1,12,15,16,35,48
5752,  Croy,1,2,16,19,27,32,43
5754,  Juriens,2,5,20,24,11,36,34
5755,  Lignerolle,0,2,17,15,19,39,49
5756,  Montcherand,2,6,9,23,23,47,74
5757,  Orbe,15,56,271,366,376,706,700
5758,  La Praz,1,3,10,2,13,19,19
5759,  Premier,2,3,14,14,8,14,26
5760,  Rances,0,4,12,24,20,43,65
5761,  Romainmôtier-Envy,2,6,26,26,33,56,55
5762,  Sergey,0,2,6,8,5,18,20
5763,  Valeyres-sous-Rances,2,2,20,30,23,61,81
5764,  Vallorbe,12,39,190,230,208,349,298
5765,  Vaulion,3,6,32,40,32,50,45
5766,  Vuiteboeuf,4,5,22,26,21,51,52
5782,  Carrouge (VD),4,9,36,45,42,131,139
5785,  Corcelles-le-Jorat,1,4,14,26,22,51,62
5788,  Essertes,1,2,9,10,15,31,62
5789,  Ferlens (VD),2,3,7,15,17,36,53
5790,  Maracon,3,4,12,20,16,51,65
5791,  Mézières (VD),2,16,45,65,66,128,191
5792,  Montpreveyres,4,1,8,29,29,48,89
5798,  Ropraz,0,8,21,17,17,40,50
5799,  Servion,2,12,59,75,67,204,339
5803,  Vulliens,1,5,22,18,25,43,58
5804,  Jorat-Menthue,6,8,40,76,82,140,211
5805,  Oron,23,43,224,255,275,483,560
5812,  Champtauroz,0,0,8,4,8,9,12
5813,  Chevroux,1,7,29,29,16,39,53
5816,  Corcelles-près-Payerne,4,29,85,106,113,231,201
5817,  Grandcour,2,14,36,56,49,79,103
5819,  Henniez,0,1,18,25,12,29,27
5821,  Missy,0,4,18,19,13,41,30
5822,  Payerne,37,87,457,505,503,848,728
5827,  Trey,0,1,16,6,17,27,25
5828,  Treytorrens (Payerne),0,1,3,9,9,11,14
5830,  Villarzel,1,3,22,33,26,47,41
5831,  Valbroye,8,29,130,172,167,312,265
5841,  Château-d'Oex,302,81,223,220,192,274,299
5842,  Rossinière,11,5,26,34,33,62,38
5843,  Rougemont,112,44,73,75,51,98,132
5851,  Allaman,3,4,12,19,15,29,88
5852,  Bursinel,3,2,11,19,17,39,97
5853,  Bursins,3,2,33,26,22,65,167
5854,  Burtigny,2,3,10,23,11,27,43
5855,  Dully,7,5,13,8,13,26,147
5856,  Essertines-sur-Rolle,2,2,8,20,18,46,130
5857,  Gilly,2,9,23,31,35,88,211
5858,  Luins,3,5,9,26,25,40,128
5859,  Mont-sur-Rolle,12,17,66,80,89,227,525
5860,  Perroy,7,6,50,45,52,124,284
5861,  Rolle,55,60,229,256,226,485,984
5862,  Tartegnin,1,1,5,7,19,16,43
5863,  Vinzel,2,6,8,9,13,25,77
5871,  L'Abbaye,23,20,53,84,79,141,197
5872,  Le Chenit,30,46,229,247,297,521,491
5873,  Le Lieu,7,7,49,54,55,104,103
5881,  Blonay,44,40,209,174,232,551,1315
5882,  Chardonne,69,25,92,106,124,285,626
5883,  Corseaux,17,20,68,80,97,204,511
5884,  Corsier-sur-Vevey,27,43,167,226,180,374,407
5885,  Jongny,16,13,36,50,53,130,326
5886,  Montreux,903,438,1347,1348,1254,2472,2976
5888,  Saint-Légier-La Chiésaz,23,42,133,151,163,420,1086
5889,  La Tour-de-Peilz,93,125,528,521,583,1229,1783
5890,  Vevey,76,249,1002,1021,974,1893,1975
5891,  Veytaux,46,14,59,54,48,97,129
5902,  Belmont-sur-Yverdon,0,2,23,15,21,23,62
5903,  Bioley-Magnoux,1,3,9,9,14,25,27
5904,  Chamblon,4,2,21,24,32,70,103
5905,  Champvent,2,3,16,31,31,64,65
5907,  Chavannes-le-Chêne,1,4,19,16,17,36,33
5908,  Chêne-Pâquier,1,1,9,5,6,11,16
5909,  Cheseaux-Noréaz,0,4,16,18,22,52,159
5910,  Cronay,2,5,18,14,24,45,44
5911,  Cuarny,1,1,9,15,15,25,27
5912,  Démoret,1,1,6,6,11,16,15
5913,  Donneloye,2,11,32,35,46,68,99
5914,  Ependes (VD),1,6,10,16,28,41,42
5915,  Essert-Pittet,1,2,6,10,8,16,13
5919,  Mathod,0,3,23,30,30,47,73
5921,  Molondin,0,3,7,14,15,25,19
5922,  Montagny-près-Yverdon,1,6,26,37,41,71,117
5923,  Oppens,1,1,11,7,10,14,26
5924,  Orges,1,4,11,19,14,34,36
5925,  Orzens,0,2,7,10,16,24,26
5926,  Pomy,4,1,29,33,26,61,109
5928,  Rovray,1,2,6,11,11,12,22
5929,  Suchy,1,1,14,24,25,48,78
5930,  Suscévaz,2,0,14,10,11,22,27
5931,  Treycovagnes,0,1,19,26,18,45,71
5932,  Ursins,0,2,9,8,11,17,36
5933,  Valeyres-sous-Montagny,0,6,26,26,33,81,101
5934,  Valeyres-sous-Ursins,1,0,2,6,6,36,36
5935,  Villars-Epeney,0,0,2,2,3,10,15
5937,  Vugelles-La Mothe,1,2,7,7,4,8,12
5938,  Yverdon-les-Bains,95,332,1356,1674,1663,3058,2416
5939,  Yvonand,6,25,114,175,167,305,338
6002,  Brig-Glis,127,97,581,733,828,1799,1482
6004,  Eggerberg,2,4,22,23,17,41,27
6007,  Naters,226,101,456,633,677,1352,967
6008,  Ried-Brig,42,17,52,78,139,251,238
6009,  Simplon,6,4,21,23,19,50,29
6010,  Termen,17,6,31,51,49,103,101
6011,  Zwischbergen,2,3,7,6,8,18,6
6021,  Ardon,28,32,131,151,150,270,247
6022,  Chamoson,123,45,201,211,199,349,308
6023,  Conthey,101,86,472,480,477,947,717
6024,  Nendaz,1337,105,335,403,415,733,595
6025,  Vétroz,20,43,206,269,274,516,545
6031,  Bagnes,1745,296,632,604,537,775,1093
6032,  Bourg-Saint-Pierre,7,3,15,11,22,18,9
6033,  Liddes,22,14,61,52,53,68,31
6034,  Orsières,246,36,180,197,191,298,209
6035,  Sembrancher,4,14,62,81,68,85,50
6036,  Vollèges,34,22,77,131,106,156,141
6052,  Bellwald,224,5,31,28,23,40,35
6054,  Binn,4,5,10,12,11,25,7
6055,  Blitzingen,28,2,7,6,10,6,8
6056,  Ernen,102,11,28,53,37,63,30
6057,  Fiesch,151,11,55,72,63,115,81
6058,  Fieschertal,25,2,29,19,31,36,15
6061,  Lax,83,6,15,30,19,24,14
6064,  Niederwald,0,2,2,4,1,6,2
6073,  Grafschaft,15,4,10,19,14,21,8
6074,  Münster-Geschinen,26,11,30,44,35,61,29
6075,  Reckingen-Gluringen,16,7,39,36,30,45,23
6076,  Obergoms,25,10,49,38,42,78,41
6081,  Les Agettes,79,8,21,27,18,46,24
6082,  Ayent,714,40,245,254,246,448,358
6083,  Evolène,244,34,130,129,107,173,133
6084,  Hérémence,253,18,116,113,103,187,145
6087,  Saint-Martin (VS),35,16,61,78,60,104,61
6089,  Vex,625,40,117,118,93,193,192
6090,  Mont-Noble,103,26,77,67,75,121,102
6101,  Agarn,2,5,36,48,44,109,54
6102,  Albinen,34,5,26,22,17,28,12
6104,  Ergisch,5,5,11,16,11,27,16
6109,  Inden,11,2,7,9,2,18,6
6110,  Leuk,73,32,211,263,288,463,292
6111,  Leukerbad,306,26,81,101,85,149,86
6112,  Oberems,5,0,13,7,5,12,8
6113,  Salgesch,7,13,77,83,84,141,116
6116,  Varen,15,9,31,49,61,82,41
6117,  Guttet-Feschel,23,3,27,31,32,59,18
6118,  Gampel-Bratsch,24,22,95,113,139,270,168
6119,  Turtmann-Unterems,17,14,68,81,76,141,84
6131,  Bovernier,7,5,59,75,47,88,60
6132,  Charrat,11,14,71,101,91,139,103
6133,  Fully,43,94,424,491,478,830,726
6134,  Isérables,24,13,80,94,84,102,51
6135,  Leytron,167,36,167,207,193,308,302
6136,  Martigny,132,206,944,1170,1092,1985,1553
6137,  Martigny-Combe,34,36,149,155,161,276,220
6139,  Riddes,404,35,172,162,147,288,219
6140,  Saillon,51,22,94,140,128,246,209
6141,  Saxon,49,76,274,322,302,487,298
6142,  Trient,7,2,9,12,6,17,17
6151,  Champéry,332,38,93,93,88,128,162
6152,  Collombey-Muraz,27,66,318,433,440,853,755
6153,  Monthey,137,220,980,1080,1110,2122,1619
6154,  Port-Valais,111,53,172,219,184,413,388
6155,  Saint-Gingolph,57,13,83,57,55,111,93
6156,  Troistorrents,381,48,188,257,284,544,455
6157,  Val-d'Illiez,366,29,116,127,125,206,150
6158,  Vionnaz,152,25,102,153,140,269,243
6159,  Vouvry,41,40,188,217,238,476,362
6171,  Betten,168,10,35,44,26,47,47
6172,  Bister,8,0,5,4,2,7,2
6173,  Bitsch,32,11,48,52,63,97,78
6177,  Grengiols,27,6,19,33,31,46,21
6178,  Martisberg,4,0,4,3,1,2,1
6181,  Riederalp,207,11,16,25,20,57,41
6191,  Ausserberg,12,1,38,38,40,76,59
6192,  Blatten,11,0,14,28,24,40,16
6193,  Bürchen,90,4,39,44,55,106,56
6194,  Eischoll,28,6,25,34,32,60,29
6195,  Ferden,6,3,13,14,15,46,17
6197,  Kippel,22,6,16,32,34,65,19
6198,  Niedergesteln,10,6,22,40,42,104,71
6199,  Raron,16,12,80,89,133,223,210
6201,  Unterbäch,54,4,20,26,30,54,41
6202,  Wiler (Lötschen),63,11,24,32,39,64,35
6203,  Mörel-Filet,60,7,47,68,59,59,47
6204,  Steg-Hohtenn,9,25,100,80,112,200,152
6211,  Collonges,4,13,39,54,57,82,48
6212,  Dorénaz,10,12,59,59,51,75,58
6213,  Evionnaz,13,16,69,77,76,166,100
6214,  Finhaut,27,2,27,17,26,64,62
6215,  Massongex,16,15,76,96,107,199,142
6217,  Saint-Maurice,20,55,267,252,275,412,317
6218,  Salvan,115,16,85,105,96,169,102
6219,  Vernayaz,15,24,72,92,97,206,132
6220,  Vérossaz,8,10,29,30,38,84,65
6232,  Chalais,261,33,172,209,211,390,280
6234,  Chermignon,435,74,210,192,177,307,433
6235,  Chippis,13,25,80,92,89,170,100
6238,  Grône,78,17,143,157,142,264,175
6239,  Icogne,139,14,22,38,40,65,82
6240,  Lens,1020,111,219,246,218,386,627
6241,  Miège,19,14,62,63,79,142,130
6242,  Mollens (VS),167,16,53,64,41,111,107
6243,  Montana,579,80,144,135,152,264,351
6244,  Randogne,1183,89,196,157,153,322,439
6246,  Saint-Léonard,20,23,88,117,111,277,228
6248,  Sierre,151,202,933,1052,1021,2005,1440
6249,  Venthône,30,12,52,75,72,138,181
6250,  Veyras,20,16,81,98,100,186,226
6252,  Anniviers,1256,66,159,171,161,251,279
6261,  Arbaz,123,20,79,84,76,125,125
6263,  Grimisuat,30,32,112,144,137,310,371
6265,  Savièse,194,67,304,371,427,910,905
6266,  Sion,255,405,1735,1846,2080,3806,3620
6267,  Veysonnaz,227,9,35,31,39,69,63
6281,  Baltschieder,9,7,44,56,55,164,150
6282,  Eisten,2,9,24,12,12,22,12
6283,  Embd,3,3,13,24,26,37,16
6285,  Grächen,205,21,90,109,100,131,72
6286,  Lalden,0,5,20,37,35,84,67
6287,  Randa,16,1,18,35,23,54,21
6288,  Saas-Almagell,9,7,25,19,22,39,22
6289,  Saas-Balen,16,8,24,29,24,55,19
6290,  Saas-Fee,309,41,97,118,97,174,126
6291,  Saas-Grund,34,13,64,86,76,119,62
6292,  St. Niklaus,60,35,119,163,149,294,138
6293,  Stalden (VS),15,14,52,84,101,145,84
6294,  Staldenried,9,7,44,26,39,81,42
6295,  Täsch,61,10,37,67,76,122,45
6296,  Törbel,4,4,30,31,33,85,32
6297,  Visp,50,61,304,433,517,992,870
6298,  Visperterminen,23,12,62,84,106,203,134
6299,  Zeneggen,6,3,9,17,20,40,25
6300,  Zermatt,337,69,250,347,392,661,657
6402,  Bevaix,23,30,150,183,198,418,589
6404,  Boudry,14,48,222,315,314,655,564
6405,  Brot-Dessous,1,2,7,8,5,17,13
6407,  Corcelles-Cormondrèche,15,33,163,197,196,530,796
6408,  Cortaillod,13,40,193,258,276,514,669
6409,  Fresens,0,0,11,15,8,21,23
6411,  Montalchez,0,2,17,11,11,24,18
6412,  Peseux,20,68,313,325,357,583,579
6413,  Rochefort,4,12,44,45,59,127,183
6415,  Vaumarcus,1,2,8,11,9,28,55
6416,  Milvignes,36,75,371,426,471,988,1478
6421,  La Chaux-de-Fonds,116,511,2367,2426,2397,4076,3436
6422,  Les Planchettes,1,0,16,11,10,16,22
6423,  La Sagne,2,10,48,57,58,108,96
6431,  Les Brenets,3,10,53,68,72,142,110
6432,  La Brévine,1,9,45,48,41,62,53
6433,  Brot-Plamboz,0,5,13,18,17,15,26
6434,  Le Cerneux-Péquignot,3,5,16,19,18,23,35
6435,  La Chaux-du-Milieu,0,5,14,23,24,40,50
6436,  Le Locle,43,122,601,664,658,1098,890
6437,  Les Ponts-de-Martel,1,7,75,77,75,120,112
6451,  Cornaux,4,16,51,102,92,174,192
6452,  Cressier (NE),9,15,72,94,95,227,241
6453,  Enges,1,4,13,18,9,27,43
6454,  Hauterive (NE),15,29,149,135,146,325,374
6455,  Le Landeron,13,40,213,241,219,500,558
6456,  Lignières,2,11,40,42,39,106,109
6458,  Neuchâtel,107,398,1717,1987,2053,3863,3707
6459,  Saint-Blaise,12,26,120,172,168,388,501
6461,  La Tène,19,35,162,208,228,534,655
6485,  Valangin,4,5,21,21,29,50,43
6487,  Val-de-Ruz,36,137,596,838,839,1797,2151
6504,  La Côte-aux-Fées,4,5,30,35,35,44,31
6511,  Les Verrières,3,12,46,54,58,58,38
6512,  Val-de-Travers,40,133,796,789,698,1109,842
6601,  Aire-la-Ville,2,11,29,18,31,84,264
6602,  Anières,6,11,45,56,51,150,518
6603,  Avully,6,10,64,67,85,234,278
6604,  Avusy,4,7,34,28,43,84,367
6605,  Bardonnex,5,22,85,62,80,186,492
6606,  Bellevue,4,18,66,66,86,209,538
6607,  Bernex,22,66,283,314,353,948,2013
6608,  Carouge (GE),48,242,947,863,900,2146,3064
6609,  Cartigny,3,6,19,21,32,61,224
6610,  Céligny,2,10,17,16,15,47,125
6611,  Chancy,4,17,34,28,32,107,256
6612,  Chêne-Bougeries,29,98,407,352,306,819,2157
6613,  Chêne-Bourg,26,93,377,351,303,851,1165
6614,  Choulex,3,5,31,26,23,83,271
6615,  Collex-Bossy,0,9,38,27,33,114,340
6616,  Collonge-Bellerive,23,51,168,164,176,439,1779
6617,  Cologny,12,40,95,109,105,294,1259
6618,  Confignon,13,20,99,108,117,337,941
6619,  Corsier (GE),5,15,40,42,43,127,472
6620,  Dardagny,1,13,58,55,48,125,264
6621,  Genève,1725,2670,9560,8818,7904,17916,25928
6622,  Genthod,3,18,57,49,57,160,535
6623,  Le Grand-Saconnex,30,76,317,301,327,891,1555
6624,  Gy,3,4,13,13,9,30,111
6625,  Hermance,3,4,24,23,30,54,210
6626,  Jussy,3,11,29,24,43,97,286
6627,  Laconnex,2,4,13,19,19,43,171
6628,  Lancy,58,288,1172,1218,1263,3320,4265
6629,  Meinier,7,10,68,75,63,201,447
6630,  Meyrin,50,187,870,863,866,2186,2594
6631,  Onex,45,220,844,826,859,1833,2364
6632,  Perly-Certoux,7,29,80,106,123,366,583
6633,  Plan-les-Ouates,18,65,264,237,276,814,2049
6634,  Pregny-Chambésy,7,21,64,66,65,181,607
6635,  Presinge,3,5,15,25,15,44,127
6636,  Puplinge,3,19,66,72,64,208,459
6637,  Russin,0,1,13,11,20,38,110
6638,  Satigny,10,31,81,102,103,328,796
6639,  Soral,3,4,18,20,23,59,163
6640,  Thônex,30,156,567,532,551,1238,2179
6641,  Troinex,4,14,66,68,51,181,529
6642,  Vandoeuvres,5,19,55,64,54,146,638
6643,  Vernier,66,447,1602,1381,1343,3297,3463
6644,  Versoix,24,110,419,457,385,1025,1638
6645,  Veyrier,29,76,287,260,274,682,2309
6702,  Boécourt,2,6,48,66,54,87,81
6703,  Bourrignon,1,9,18,18,15,26,20
6704,  Châtillon (JU),0,0,24,28,31,45,54
6705,  Corban,0,4,17,23,27,59,31
6706,  Courchapoix,0,4,21,31,24,54,27
6708,  Courrendlin,5,35,125,204,150,274,216
6709,  Courroux,7,22,156,183,179,354,308
6710,  Courtételle,3,21,123,158,177,279,245
6711,  Delémont,31,162,702,734,791,1409,1241
6712,  Develier,0,18,63,80,84,143,150
6713,  Ederswiler,0,2,13,17,17,10,5
6715,  Mervelier,1,8,36,31,32,60,48
6716,  Mettembert,0,2,6,7,4,14,8
6718,  Movelier,4,3,25,33,23,47,26
6719,  Pleigne,1,7,24,34,26,45,18
6720,  Rebeuvelier,1,5,15,22,20,42,39
6721,  Rossemaison,3,6,21,25,30,68,81
6722,  Saulcy,0,6,12,24,17,32,13
6724,  Soyhières,4,8,29,30,25,62,39
6728,  Vellerat,0,1,4,5,9,3,10
6729,  Haute-Sorne,12,82,404,486,418,718,509
6730,  Val Terbi,10,25,138,155,159,277,232
6741,  Le Bémont (JU),2,3,14,20,19,26,27
6742,  Les Bois,3,12,63,78,74,111,90
6743,  Les Breuleux,2,17,99,98,85,163,116
6744,  La Chaux-des-Breuleux,0,0,7,7,6,10,9
6745,  Les Enfers,0,3,12,8,11,9,12
6748,  Les Genevez (JU),2,5,29,50,47,64,45
6750,  Lajoux (JU),2,7,44,41,49,75,48
6751,  Montfaucon,1,6,39,51,36,52,45
6753,  Muriaux,1,6,28,38,34,52,36
6754,  Le Noirmont,8,18,97,121,128,190,158
6757,  Saignelégier,2,18,154,168,166,300,255
6758,  Saint-Brais,0,5,12,20,12,19,11
6759,  Soubey,2,1,17,15,14,17,4
6771,  Alle,4,20,101,109,105,176,137
6773,  Beurnevésin,2,2,15,12,6,20,6
6774,  Boncourt,6,11,62,69,83,178,144
6775,  Bonfol,5,12,52,69,52,69,54
6778,  Bure,0,14,43,40,46,82,71
6781,  Coeuve,1,6,43,44,46,78,56
6782,  Cornol,4,10,49,81,70,98,78
6783,  Courchavon,0,5,22,13,18,33,22
6784,  Courgenay,10,18,130,160,148,251,193
6785,  Courtedoux,5,7,43,47,47,85,85
6787,  Damphreux,2,4,12,11,9,13,12
6789,  Fahy,1,8,32,33,23,39,23
6790,  Fontenais,8,19,98,106,106,165,163
6792,  Grandfontaine,0,7,25,17,17,36,32
6793,  Lugnez,0,3,15,15,11,21,14
6800,  Porrentruy,22,116,503,469,457,689,666
6803,  Rocourt,0,0,11,11,11,17,10
6806,  Vendlincourt,0,10,42,37,45,59,37
6807,  Basse-Allaine,11,18,91,85,72,133,108
6808,  Clos du Doubs,8,21,107,111,91,111,86
6809,  Haute-Ajoie,1,19,67,95,65,102,60
6810,  La Baroche,4,12,63,72,74,129,81
5396,  Cavigliano  Tegna  Verscio,47,22,118,155,120,278,337
5192,  Bogno  Cadro  Carona  Certara  Cimadera  Lugano  Sonvico  Valcolla,1990,1210,3518,3725,3229,6026,8130
5254,  Besazio  Ligornetto  Mendrisio  Meride,250,210,760,903,778,1639,1803
298,  Bertschikon  Wiesendangen,17,30,186,241,295,707,1119
449,  Plagne  Vauffelin,1,8,53,50,44,109,74
538,  Büren zum Hof  Etzelkofen  Fraubrunnen  Grafenried  Limpach  Mülchi  Schalunen  Zauggenried,5,24,168,282,291,561,672
540,  Jegenstorf  Münchringen  Scheunen,11,44,183,278,311,679,872
619,  Bleiken bei Oberdiessbach  Oberdiessbach,3,36,162,218,224,363,378
726,  Diesse  Lamboing  Prêles,3,19,90,124,122,235,256
770,  Niederstocken  Höfen,1,8,32,53,49,72,55
784,  Gadmen  Innertkirchen,3,13,67,58,61,131,83
885,  Kienersrüti  Uttigen,5,10,60,104,118,257,235
2163,  Cerniat (FR)  Charmey,109,34,139,157,136,268,255
2465,  Aetigkofen  Aetingen  Bibern (SO)  Brügglen  Gossliwil  Hessigkofen  Küttigkofen  Kyburg-Buchegg  Mühledorf (SO)  Tscheppach,5,23,129,150,169,320,338
3619,  Castrisch  Ilanz  Ladir  Luven  Pitasch  Riein  Ruschein  Schnaus  Sevgein  Duvin  Pigniu  Rueun  Siat,69,44,282,304,266,533,378
4063,  Bremgarten (AG)  Hermetschwil-Staffeln,13,81,332,472,477,1029,1092
4125,  Oberflachs  Schinznach-Dorf,9,19,95,127,135,291,300
4305,  Endingen  Unterendingen,3,17,78,106,120,301,349
6205,  Betten  Martisberg,172,10,39,47,27,49,48
297,  Bauma  Sternenberg,8,57,213,259,286,537,528
450,  La Heutte  Péry,4,16,91,119,127,229,206
717,  Bévilard  Malleray  Pontenet,6,48,245,260,244,419,370
716,  Châtelat  Monible  Sornetan  Souboz,0,7,23,24,17,36,25
3542,  Alvaschein  Mon  Stierva  Tiefencastel  Alvaneu  Brienz/Brinzauls  Surava,82,17,95,111,104,143,88
3603,  St. Martin  Vals,71,9,72,72,65,128,83
3673,  Almens  Paspels  Pratval  Rodels,3,9,56,67,66,133,162
3762,  Ardez  Guarda  Tarasp  Ftan  Scuol  Sent,246,51,214,311,296,482,453
3746,  Lavin  Susch  Zernez,5,18,68,90,105,180,171
3837,  Arvigo  Braggio  Cauco  Selma,4,3,25,21,19,22,11
