Schweiz,Afghanistan,Ägypten,Albanien,Algerien,Andorra,Angola,Antigua und Barbuda,Äquatorialguinea,Argentinien,Armenien,Aserbaidschan,Äthiopien,Australien,Bahamas,Bahrain,Bangladesch,Barbados,Belarus,Belgien,Belize,Benin,Bhutan,Bolivien,Bosnien und Herzegowina,Botsuana,Brasilien,Brunei Darussalam,Bulgarien,Burkina Faso,Burundi,Chile,China,Costa Rica,Côte d'Ivoire,Dänemark,Deutschland,Dominica,Dominikanische Republik,Dschibuti,Ecuador,El Salvador,Eritrea,Estland,Fidschi,Finnland,Frankreich,Gabun,Gambia,Georgien,Ghana,Grenada,Griechenland,Guatemala,Guinea,Guinea-Bissau,Guyana,Haiti,Honduras,Indien,Indonesien,Irak,Iran,Irland,Island,Israel,Italien,Jamaika,Japan,Jemen,Jordanien,Kambodscha,Kamerun,Kanada,Kap Verde,Kasachstan,Katar,Kenia,Kirgisistan,Kiribati,Kolumbien,Komoren,Kongo (Brazzaville),Kongo (Kinshasa),Korea (Nord-),Korea (Süd-),Kosovo,Kroatien,Kuba,Kuwait,Laos,Lesotho,Lettland,Libanon,Liberia,Libyen,Liechtenstein,Litauen,Luxemburg,Madagaskar,Malawi,Malaysia,Malediven,Mali,Malta,Marokko,Marshallinseln,Mauretanien,Mauritius,Mazedonien,Mexiko,Mikronesien,Moldova,Monaco,Mongolei,Montenegro,Mosambik,Myanmar,Namibia,Nauru,Nepal,Neuseeland,Nicaragua,Niederlande,Niger,Nigeria,Norwegen,Oman,Österreich,Pakistan,Palästina,Palau,Panama,Papua-Neuguinea,Paraguay,Peru,Philippinen,Polen,Portugal,Ruanda,Rumänien,Russland,Salomoninseln,Sambia,Samoa,San Marino,São Tomé und Príncipe,Saudi-Arabien,Schweden,Senegal,Serbien,Seychellen,Sierra Leone,Simbabwe,Singapur,Slowakei,Slowenien,Somalia,Spanien,Sri Lanka,St. Kitts und Nevis,St. Lucia,St. Vincent und die Grenadinen,Staatenlos,Südafrika,Sudan,Südsudan,Suriname,Swasiland,Syrien,Tadschikistan,Taiwan (Chinesisches Taipei),Tansania,Thailand,Timor-Leste,Togo,Tonga,Trinidad und Tobago,Tschad,Tschechische Republik,Tunesien,Türkei,Turkmenistan,Tuvalu,Uganda,Ukraine,Ungarn,Uruguay,Usbekistan,Vanuatu,Vatikanstadt,Venezuela,Vereinigte Arabische Emirate,Vereinigte Staaten,Vereinigtes Königreich,Vietnam,Westsahara,Zentralafrikanische Republik,Zypern,Ohne Angabe,Kanton_Name,Kanton_ABK,Kanton_ID
-2.01488182849224,22.5164107496524,3.66664222608142,-2.14364953076112,-27.1628179906613,-78.9684242706016,-17.1913653430652,-12.6380700471141,-100.0,27.7587975060011,-12.7623402177441,-19.5313624266494,-17.536747117533,30.431600621779,5.15787864699231,-57.143204174056,159.810224299296,-10.3390718904592,36.4754855314411,-43.5090606887775,89.2841815645861,-76.790767928048,-67.857403130542,-43.596643258561,-33.6659948574318,-88.8656363785538,17.4460860247078,-74.1885206957383,5.32109124771711,-64.9307217053736,-67.3178391543161,-7.16671130557787,18.4037209037738,20.2340847183213,-32.1114834835395,43.6735354044449,63.8625614020131,-88.1697386522134,58.0838443088902,-82.2546079783201,-57.5826001034322,-57.2328627427295,-11.0760274942558,74.4383634026578,-7.55888807310909,80.7887497935772,-63.6716600056453,-87.1912959843513,51.0449529656799,-31.6057156945711,114.254685352669,183.926272346879,115.033308856791,-3.93471988263486,-46.8419974680953,-65.7001818641354,-40.2260479269728,-29.8947475686718,-22.4619015277599,80.1048250518874,9.30929897857014,21.7055651345901,20.7907546627045,52.2078985777084,79.8199724863568,79.3843812735513,-4.55278567081675,122.135155224556,23.3400150840207,4.8963848102147,4.42122100323055,10.6379371116947,-48.9670841725242,-17.2590104538037,-91.0132139316517,-56.9456062424814,22.7789285824342,5.36059262992625,-10.4630842391584,-100.0,-7.68586762245923,98.7483906428155,-8.46092858761818,-42.7326975300352,-54.8299112175419,19.4791035566517,-3.36640422449613,0.0681728394076764,35.7338068725265,-95.4205439944052,28.5341908597359,-75.3107589263583,49.834897070246,61.4947676557634,24.1002249992982,-8.38915055948856,71.351995942678,44.2165192873037,91.2235686707807,-74.7621091247219,-72.6336123039153,20.6789978534043,0.951563501112607,-58.3990809748162,73.432796901542,-43.8371113197379,-100.0,-53.4547094513313,-78.3262387521466,18.7637234658511,20.0061711119476,0,-20.6140522396743,18.3026134778663,6.19580056610547,27.1846393478134,-27.8153544880816,-43.8062585980135,-15.2458888516778,0,-11.5180453041284,37.2976809940308,-17.055246280687,26.7390600139186,-71.6073727653121,42.1367559893876,40.2722236245069,-100.0,72.7778832670109,67.1478748999467,9.30494991757793,-100.0,-16.8996276057915,-33.1938182713225,-3.64493019902289,16.1961901322977,20.1645242468625,24.337606883331,-41.1286664709171,-62.3858357147297,-0.678018337176711,-1.45438329439057,-100.0,-86.3715389273498,-100.0,-100.0,-100.0,-87.6014728232804,55.491073443451,-50.7033244831794,11.9767605674529,7.6961722695059,14.127227119824,-10.7905367852706,39.4085296099073,67.7736704868796,37.3975415556786,21.4301735214538,-5.84989083957422,-4.62244640937234,-65.5846942609844,89.2841815645862,-100.0,40.7068252338516,26.2575544597024,2.87183780684028,-100.0,183.926272346879,-59.4391039504458,8.09633144316024,-62.5591728773346,12.4335405511557,-26.5553491090092,41.9317908132777,-100.0,-61.1111621652546,-18.8782079008917,-8.92930886986892,-60.6871315212013,51.0744852594047,-29.7767819996768,10.7400657122929,-5.35790921770694,0,-36.5614323366646,6.97517967919161,55.1104211953793,-34.0063258869416,-23.5366870511375,-100.0,-100.0,13.7539831050501,-85.0565119817432,29.2169003919639,25.5459080999417,-30.8376465183606,-100.0,-43.2147455306242,54.7432725199536,7.60941201422281,Zürich,ZH,1
12.1042165279098,15.04952388712,-2.95204129576692,-14.5565180799429,3.57524980792565,-100.0,6.74840459891886,88.8625619827026,-61.0283602257915,-40.7824942266408,-17.3446445187129,-13.019818474955,-8.71075000575522,-65.3914765741057,21.2451015197597,23.5327449446608,-27.7060634766099,7.68479411294445,-32.6019876846042,-71.7005660585987,-31.7996303951352,-55.4003032556742,-22.792034409587,-70.3630054484809,-49.6978186007936,-100.0,-37.5557954567174,-100.0,-4.47925883683067,-33.9055800503923,-55.8414873062026,-33.8249868579671,-26.8451927272995,-12.313810508031,11.5590403368962,-54.208124308598,-24.6865748291949,-100.0,-27.2867949719668,-74.4248613981757,-58.3455816547365,-55.4842775800882,18.349313948265,-18.6944613338082,-42.9020161447644,-44.7952913749598,-69.3389506933777,66.1422537742571,48.8008064106141,-20.883247938572,-0.985929568877053,309.202217629189,-62.2703621918778,-20.0055815160984,12.6658088186093,-1.13235010301477,-13.8521647096444,-71.3726843633901,-24.4044095946077,-44.1107280947991,-6.98938174605712,13.4364861617295,7.26746571424852,-67.6575566822291,-76.6170161354749,-57.7671351400837,-45.7752128033381,-16.5813661031406,-42.2130201627597,13.3846286858854,-6.83662295657696,14.3076617320974,-3.15608654943444,-63.011946681365,-84.6195012167071,-38.7873731825189,88.0118297215192,-4.84815903321271,-32.0826194806325,-100.0,-39.2418889745569,-100.0,-7.20277578354459,-15.241645924005,86.0010080132677,-35.1908089942721,-35.7093195255444,-32.6429870351136,19.5475300925921,18.800643827829,-41.9375231742367,-100.0,-46.7958875740252,-23.3757605670178,8.39793844481824,104.843814756249,-48.7898979107331,-36.3911166903724,-39.0668828940142,-42.8415949978276,-90.1397055992966,-17.8021746247044,-27.2529390881442,-34.0479942282626,-75.810706347043,-27.7020246681824,-100.0,-59.75060154467,-57.1609455917098,-23.2745841945271,-17.0683505604844,0,-36.9560064137626,-100.0,-12.8452419594974,-17.3850412357473,-51.4505843490793,-61.6372920972635,-75.5700168579589,0,38.8220541069438,-49.0898649428474,-32.5659266828303,-32.591736894611,43.2207761702161,21.776444708238,-55.07464001171,-19.5012030893399,-41.7996991720497,14.3657337675235,46.0064250695698,-100.0,-55.0875614797232,92.5657494725595,-33.3426251825756,-50.2970391285457,-23.6434788356708,-9.34769141456937,-55.7835060831377,-58.0305417816217,-26.6211961194573,-49.7917901585976,-100.0,-86.905529035866,133.829838645251,-100.0,75.3723789839381,-7.08071914097022,-59.9274664468591,-37.6298806794477,-48.4104304914309,-85.8895787024418,8.31823407831471,-33.2419342840598,-64.2342534719989,-11.9692380907552,-47.8240078164825,19.3185560019091,-26.1950964146834,35.6267154248622,-75.199865598231,16.9149193226254,-100.0,15.8802740188853,-43.025271371651,3.19012444562154,-100.0,-100.0,-100.0,16.2667956507251,-73.0196340024711,-45.3790143320326,-61.2742380792566,5.44027113562895,-100.0,-16.7447615727847,133.829838645251,-30.5128309686283,57.3854683189188,-1.05043579033196,18.1483967032995,-34.1043427335846,-39.3774492401202,0,-50.9403335812417,-23.2944932234869,-31.1652988547304,-49.126210781236,-49.7613118950303,-100.0,-100.0,-29.2655294243567,-67.6945617661167,-58.9884052539682,-67.3351483604914,9.88782619028341,-100.0,-34.5276451793298,-66.1487216559795,85.7727859175459,Bern / Berne,BE,2
8.92901854273338,-10.2508063087713,-53.1974515322151,-42.212098646569,-69.8982574130702,-22.6576067744484,-10.3346221665425,60.6342013146072,-100.0,-39.7962264151585,-28.7085763724645,-15.9321812765744,-33.4474054685723,-59.9758409258706,-22.6576067744484,136.405050991309,-49.1537267639494,-100.0,-15.7682843526766,-76.5765088978081,-100.0,-94.3099601714172,57.6033673275391,-88.1165593440306,31.8856888712156,-100.0,-36.2456835549995,-100.0,-29.3438884796529,-95.0397990092877,-32.3949584395358,-77.2816669119888,-18.3429488839168,-62.7099175519662,-76.6676579096101,-32.6235144986312,-3.8975925076243,-100.0,-20.8382477190496,-100.0,-80.8838830365261,-65.0502992955667,28.2682836000107,-31.7567118598074,-100.0,-52.3156740979473,-91.18647673197,-100.0,-43.7509867450534,-76.8340533761819,-82.8715410765012,-100.0,-54.4170824873419,17.7581550990541,-65.5025668982947,-85.9849354557725,-100.0,-78.5160018817912,-74.8404263001218,-51.7470888390443,-11.4284501723699,0.113250114292662,-39.0758156564237,-58.4811453155912,-50.2798900692883,-69.4190118836208,-50.3430485899001,-71.2363000400841,-34.5084573493313,18.6924116285552,-59.771119460615,56.8634454152033,-76.1316729108954,-64.5707001092533,-97.9344761453117,15.5381243062031,-100.0,-48.4228739152496,21.3088159305332,-100.0,-70.5815270848249,-100.0,-80.0304476507797,-62.773228388041,-100.0,-25.9692285838297,45.1116942629201,44.9073168118587,-18.0134907839996,-49.4779528123413,-8.28655397916009,-100.0,-25.1346337085363,-46.7612361357302,-72.3411308994716,-38.0710374528501,-31.6130417795123,-24.5625918292649,-64.3400850906781,-96.6853260046192,-74.8404263001218,47.42338272032,-7.18912812933809,-84.7015046367041,-69.139242111972,-71.5978878172113,-100.0,-65.7664816870509,-81.781944452869,-25.442979395422,-30.3918460970036,0,-58.2946866772347,-100.0,-51.1838920680285,-18.4794096640775,-64.6060234391544,324.174687846385,-100.0,0,-13.5046608305962,-41.1762079692988,-37.430872896183,-20.7712069396789,-65.1959230485018,-47.2192554995624,-56.7427319090649,-100.0,-20.4695755260697,-30.3228588285169,-60.7841386461992,-100.0,52.7983866163337,-100.0,-57.4791820049569,-68.2944226528795,-53.1031426141945,-7.98021468597125,-42.7726319445295,-82.1517554094881,-35.3130600836069,-37.1630672937931,-100.0,-66.5880861265617,-100.0,22.8379186523467,-100.0,-90.8810278729699,-22.9197843786028,-80.6259611403191,41.1015693416761,-27.9915649279347,-79.5270135579422,-24.2932465103362,-22.160547692022,0.459596794908101,33.9226116521895,5.81809989596969,-47.8281247436793,7.40492608952608,-100.0,-100.0,-100.0,-26.0798365631896,-51.5410045683403,-45.5240534672202,-36.7198600881851,161.030577136237,-100.0,24.0036266091151,-31.1567708651683,85.8282195408136,-14.3622081319602,-8.01395427038337,-100.0,-68.0654081163115,-100.0,-60.5991581681152,-100.0,-11.5763264667662,-61.5147226017087,-52.7833153832886,-100.0,0,-54.4796813713375,-29.1238787909705,-6.34178208087555,-88.7121912589736,-62.783759299388,-100.0,-100.0,-35.9020230618611,-72.523097143554,-55.3223875867977,-64.5509401542706,73.3494057280338,161.030577136237,-100.0,-8.54403136832583,-17.4381814647486,Luzern,LU,3
17.3919927643094,-66.7266540813249,-43.4027707686497,-27.2067083156532,-100.0,-100.0,-100.0,-100.0,-100.0,-100.0,-100.0,-62.7242081229915,-86.0804168637268,-85.9152620896731,-100.0,-100.0,-100.0,-100.0,-2.738374976377,-80.3023954272573,-100.0,-100.0,-100.0,-52.0987754668965,-33.2505707093794,-100.0,-51.9478033020853,-100.0,-74.8505560624933,-100.0,-100.0,-93.1936881047862,-75.6091552068606,-100.0,-100.0,-81.0918793092732,-35.3338008961934,60.7518524695991,-76.4952444518982,-100.0,-100.0,-100.0,35.0160369897518,-69.7408277704284,-100.0,-93.9243394342199,-96.7998655375654,-100.0,-100.0,-100.0,-68.3550693703045,-100.0,-93.9365406210716,-100.0,-100.0,-100.0,-100.0,-100.0,-100.0,-94.8896312998111,13.286786732246,-31.4560629063638,-64.7206907708783,-94.3180493972454,-100.0,-67.7151091274445,-69.1843553207998,-100.0,-70.9609556829111,-100.0,-18.9202565477329,-100.0,-94.8121320583545,-93.3994106770396,-100.0,-76.2825135700592,-100.0,-86.055260990589,-100.0,-100.0,-79.2949313455973,-100.0,-100.0,-100.0,-100.0,-100.0,-75.5260234154014,53.7697842734234,-59.9048497304464,-100.0,-100.0,-100.0,-0.413766347705324,-79.6498753796727,-100.0,-100.0,-32.3150094864846,39.3710642100958,-100.0,-100.0,-100.0,-100.0,-100.0,-100.0,-100.0,-84.716580776692,-100.0,-100.0,-100.0,-93.1756289045925,-92.2839110814592,0,-100.0,-100.0,-100.0,-81.7442691201717,-100.0,20.5638893521993,-100.0,0,-100.0,-100.0,-100.0,-45.1091235469662,-100.0,-81.1265660369977,-88.0122906496001,-100.0,-3.79502697262344,-100.0,-100.0,-100.0,-100.0,-100.0,-47.6283557565107,-100.0,-70.4148498650071,-52.5345125226465,-30.8513532614677,-50.5378915478156,-60.2686063042037,-63.9715692519498,-100.0,-100.0,-100.0,-100.0,-100.0,-100.0,-53.5000291161386,-84.6598629850084,-20.0887788116323,-100.0,-100.0,-100.0,-100.0,23.7331385487608,-47.450018715954,-19.5658893680419,-85.9424619503351,-0.435763041925374,-100.0,-100.0,-100.0,1265.67945460898,-75.0153623792528,-100.0,-100.0,-100.0,-100.0,-32.575752191648,-100.0,-100.0,-100.0,-30.9998672552659,-100.0,-100.0,-100.0,-100.0,-100.0,-35.2711582066488,-90.7258546652154,-42.8107546744,-100.0,0,-100.0,-42.3365610945109,-26.0312160733325,-100.0,-54.1618480086688,-100.0,-100.0,-100.0,-100.0,-89.1813677727268,-81.1559385698617,-100.0,-100.0,-100.0,-43.6781830763448,-5.32406234919315,Uri,UR,4
5.79989772909331,7.97047764000796,-55.9579360702224,-49.0192335454367,-92.0782390752254,100.146712747545,-73.7317573871708,-100.0,-100.0,-63.3422640304101,-15.4429961792023,-12.9796901097632,-46.3828258995603,8.50667542322017,100.146712747545,-100.0,-90.8199978864377,-100.0,40.7754609829369,-43.5650369022356,-100.0,-85.2753099613523,-100.0,-94.4087312527846,73.272288130385,-100.0,-42.8166725717992,-100.0,-14.4491623612078,-100.0,-100.0,-82.5217366403938,-31.3551723943181,-31.0719229058201,-93.9620544757724,120.704972194556,38.0055219281145,-100.0,-57.9315929544,-100.0,-88.1275109977656,-77.3892834971393,-7.18055304640214,-36.4239853625446,-100.0,48.9280657845904,-82.9491992945981,-100.0,-90.9024221478389,-82.8717551689898,-96.3062465863406,-100.0,-55.6472228277946,-100.0,-100.0,-63.7318037303107,-100.0,-77.7614763613839,-13.1893776034746,-78.128054424159,-44.167882740897,-18.4681538173073,-64.7030617623533,16.7276851959171,-74.2668512181728,-39.7047559923715,-43.0034304942034,-100.0,-41.892889847487,-52.0074489859351,-81.0719396000571,-80.9719674500574,-84.2556037260448,-38.3637154926295,-83.9645066938169,-66.7789267775592,-100.0,-64.1906182614333,-77.5769242979929,-100.0,-61.3312254441238,-100.0,-55.7052357034122,-74.3105407746785,-100.0,-50.239767548953,45.2631541700408,85.5626957634875,-50.0788799613514,-12.8393347712305,-100.0,-100.0,11.0756852293974,-80.9970593611122,-100.0,-42.3064635852273,51.6901401876128,-31.9698365537902,-11.4104714068245,-91.4222837393909,-100.0,-33.138761898746,140.176055297054,-80.2052701678253,-20.1385037805363,-87.1555126904388,-100.0,-100.0,-100.0,-16.0662052285891,-45.9603875581629,0,-69.1642725010915,-100.0,-36.8368166264242,17.1994749330063,-100.0,-71.8543685198765,-100.0,0,-57.3651972845467,-74.6292899334098,-59.5208895566764,69.2006835553067,-100.0,-82.3759926810152,53.9191447074593,-100.0,34.8856045151699,-76.7917092255077,-100.0,-100.0,-67.0490168037579,-100.0,-38.8692166947544,-72.0291861067096,-38.826803516635,-24.6070058004283,-66.9063590555609,-100.0,-28.8894352011788,-23.6015855232135,440.396124418371,72.9267598138786,-100.0,-100.0,-100.0,-100.0,58.7604433319507,-85.6753843759213,53.033873010984,-100.0,-100.0,-34.6953323965715,-9.70244707662186,3.27552791476513,28.8117890214051,-42.8855985485145,-66.5263410676793,36.7250829843711,718.782006694501,-100.0,-100.0,-68.1182227481787,2.07158313352929,-37.3453768790295,-100.0,-100.0,-100.0,-4.03564078260635,18.7683789930485,-51.9113571151617,-100.0,-30.1983367664502,-100.0,-71.2555252968952,-100.0,-49.0192335454367,-100.0,23.7658234353659,-89.1747571230294,-36.2127235931794,0.0733563737723486,0,-100.0,27.0431492872084,21.1844090707102,-70.7893986800881,-3.691779806627,-100.0,-100.0,-73.8095577826315,-100.0,-46.962212434402,-10.2056911491765,-17.8803802766368,-100.0,-100.0,44.631566146036,-81.5815908514529,Schwyz,SZ,5
13.4560369025668,-9.60627350169924,-81.6955071821901,-29.3722871463748,-100.0,-100.0,-100.0,-100.0,-100.0,-74.6075605568651,-100.0,-100.0,-66.2363008306482,-24.8385337505382,-100.0,-100.0,-100.0,-100.0,-43.3791276786904,-73.9387181626215,-100.0,-100.0,-100.0,-88.3809556712608,-28.1968188647489,-100.0,-76.1201019474199,-100.0,-16.3385527706244,-100.0,-100.0,-86.792347728637,-30.3190614976878,-100.0,-100.0,5.48725583243095,0.313144853850345,-100.0,-84.7963359705853,-100.0,-83.5520961644432,-6.02672515710125,-2.4280703843563,-70.6410291667284,-100.0,-29.2610624017235,-91.7810639104222,-100.0,-62.1892042298774,-28.8126380746345,-84.6482483339352,-100.0,-90.194877897733,-15.5653658366436,-100.0,-100.0,-100.0,-100.0,-100.0,-63.6388638513532,-87.7870512846912,4.50750404483113,-36.430445256502,-50.3837716772029,-46.524731696541,-84.3377875261835,-76.5852078852957,-100.0,-83.899919220464,-100.0,-100.0,5.44419102090517,-84.8994087713226,-77.5852168787896,-100.0,-53.976203509318,-100.0,-59.4103385166516,-100.0,-100.0,-84.933175746342,-100.0,-100.0,-96.1868229732678,-100.0,-79.318957009712,-40.1099409994101,-3.59696138242028,-48.1302247402938,-100.0,-100.0,-100.0,-67.7921424176107,-100.0,-100.0,-100.0,-86.865723574589,-87.706834872768,-84.658734503106,-100.0,-100.0,-67.3076962336932,-100.0,-100.0,121.276972290175,-88.1370063713441,-100.0,-100.0,-100.0,-21.9377910565196,-77.5403873125472,0,-100.0,-100.0,-100.0,156.83311038491,-100.0,16.9771494138167,-100.0,0,-55.7009611687322,-20.9168567343211,-100.0,13.0371525113768,-100.0,-81.6880450978779,-53.4756857846654,-100.0,-26.8540989155748,-92.5802402750404,110.88838204181,-100.0,-100.0,-100.0,-49.1863966347222,-92.2499611154407,-71.2949993039676,-38.5954622568836,-13.2596816657367,-100.0,-65.1219745760848,-15.5215605789713,-100.0,-100.0,-100.0,-100.0,-100.0,-100.0,139.681993525862,-85.1162275099716,-50.2018130140676,-100.0,-100.0,-100.0,-100.0,-44.0853165868496,-32.0178200909488,-70.7345426108187,-76.2675649937038,20.9557339223793,580.594323862206,-100.0,-100.0,-100.0,-63.6379719037461,-100.0,-100.0,-100.0,-100.0,-45.1329578245069,-100.0,-50.0342320635088,41.7010264192606,-23.1344675081655,-100.0,-85.0667468833425,-100.0,-100.0,-100.0,-10.2811743510541,-97.0005859124662,-63.9815501219785,731.837506942696,0,-100.0,-2.09105476433467,-17.9791605137244,-39.2983440879654,166.846883415281,-100.0,-100.0,-63.7162961430488,-100.0,-73.1748926722016,-48.9138724008041,-79.6238487752753,-100.0,-100.0,-100.0,7.16924936071548,Obwalden,OW,6
14.1644320980294,-54.8536700525224,-84.0014762915341,-25.9238166404241,-90.4079215293,-100.0,-100.0,-100.0,-100.0,-66.7096858276638,-100.0,-100.0,-64.5877535953922,-64.1675900390248,-100.0,-100.0,-100.0,-100.0,-67.008086402878,-69.6291659467972,-100.0,-100.0,-100.0,-100.0,48.2800642613795,-100.0,-49.3119529084772,-100.0,-84.7662668087168,-100.0,-100.0,-88.4562254688106,-62.0794811520523,-100.0,-100.0,68.3618380216621,16.531211887497,-100.0,-76.7454188302567,-100.0,-92.8120876637541,-100.0,-10.7718700441473,-100.0,-100.0,-53.6294757709742,-87.3889168200966,-100.0,-33.9050889215906,-37.7807017740488,-100.0,-100.0,-89.7161327563324,47.5954029344932,-100.0,-100.0,-100.0,-100.0,-21.1639012438249,-6.10329984776702,-35.9537076988985,-39.1054499455264,-52.9867027012489,-37.36071387488,-100.0,-86.3108866176516,-60.8960386647657,8.15530903739725,-82.4102252775201,-100.0,-100.0,-100.0,-91.2011705108527,-69.2141325216476,-100.0,-39.6613055626406,165.27281878767,-76.3491703731475,-100.0,-100.0,-69.2729606144872,-100.0,-100.0,-96.6672005788985,-100.0,-72.8864798476691,-46.1854503040423,-73.2513185620336,-54.6646914773958,-100.0,32.6364093938351,-100.0,-81.2330893018283,-82.7426913491977,-100.0,-100.0,-8.16286039631531,-89.2555070660714,-73.1828024722847,-100.0,-100.0,-71.4262174813863,-100.0,-100.0,-3.29956359464236,-87.03935785667,-100.0,-100.0,-100.0,-64.3630203409935,-54.1962266226623,0,-43.9937558051709,-100.0,-49.0124971680842,-76.7781680714264,-100.0,-100.0,-100.0,0,-61.2816793090974,-76.9598725466108,-100.0,-6.90289963955745,-100.0,-83.9949542680085,-18.6734807238214,-100.0,-2.67205073718143,-93.5149690815039,-100.0,-100.0,-100.0,-100.0,122.060956903706,-86.4525958659161,-56.9906402988039,-42.3848597985287,-57.4332107705167,-100.0,-74.3291362938617,-57.9898687756491,-100.0,-100.0,-100.0,-100.0,-100.0,71.4426951116821,-38.3860998421607,-100.0,-56.1998318010703,-100.0,-100.0,-100.0,-74.768395128165,-33.8808907407755,-33.1548629161603,-57.368925893396,-77.1115443842446,6.42745106238984,1089.70839941137,-100.0,-100.0,-42.0938389667032,133.062141924623,-100.0,-100.0,-100.0,-100.0,-48.3561702031333,-100.0,-56.328835171774,-100.0,-34.9850234368925,-100.0,-100.0,-100.0,-100.0,-100.0,-18.9699272571351,-65.9198114751951,-68.5190936426797,-100.0,0,-100.0,-17.4816920539055,-45.1138806890675,-100.0,94.3583028741347,-100.0,-100.0,-4.86176773689371,-100.0,-38.8372376062078,9.5109405147012,-51.0247052635147,-100.0,-100.0,-52.237983965237,20.4306048483902,Nidwalden,NW,7
1.79197266497488,-1.32135405173257,-83.0454338035095,-60.7485797677475,-94.9173582401432,-100.0,-100.0,-100.0,-100.0,-76.4802117319459,-70.4078908633089,-100.0,-62.4715825801073,-74.6842072125417,-100.0,-100.0,-100.0,-100.0,-82.5182750226102,-51.7213907563383,-100.0,-100.0,-100.0,-100.0,40.1880374695244,-100.0,-59.9755149877188,-100.0,-22.5084486490374,-100.0,-100.0,-93.8831953181141,-15.9735153138515,6.1390445055808,-100.0,-44.7738849499245,-7.91500452478493,44.4670327992628,76.0302311989663,-100.0,-77.1476535447523,-100.0,32.2169722545787,-100.0,-100.0,-45.3982868160267,-95.2631448625955,-100.0,-29.9553780367211,-100.0,-71.5608301803228,-100.0,-61.8555568685086,-100.0,-77.0889287190597,-100.0,-100.0,28.4151402660113,-100.0,-89.2837759171641,-88.6877364202861,37.8670160723929,-68.2946289872291,-84.6809626486791,-100.0,-100.0,20.1180941341523,-100.0,-100.0,-100.0,-100.0,-75.5830367099838,-95.3376842843806,-88.136154705963,-79.4230932511436,-100.0,-100.0,-49.8716801853161,-13.6794492817683,-100.0,-72.0886591371729,-100.0,-100.0,-96.4680385869111,-100.0,-80.8441503470591,58.4394288550453,10.5538213184343,-51.9555364362729,-100.0,-100.0,-100.0,-60.2232261508722,-81.7114261774999,175.539771166806,-100.0,94.6503178769014,-43.0671791924088,-85.790127921384,-100.0,-100.0,-100.0,-100.0,-23.7976090729163,-100.0,-89.0118828875775,-100.0,-100.0,-100.0,69.4654245224718,-65.3279121281769,0,-70.3234625918775,-100.0,-100.0,-83.593649272008,-100.0,-100.0,210.496309299908,0,-100.0,-100.0,-100.0,-16.4406709244682,-100.0,-91.519261017899,-56.9067784089201,-100.0,43.5927518133102,-100.0,-100.0,-100.0,-100.0,-100.0,-52.933817368566,-71.2860555926931,-50.6221863428483,-42.2875346617291,0.176426521250139,-100.0,-52.3914118310889,-87.8580237024744,-100.0,-100.0,-100.0,-100.0,-100.0,-100.0,-84.3289998319444,-72.4277631237988,65.2349290102598,-100.0,1.97672903477371,25.6994122241319,-73.2606006129899,62.9895322084675,22.001671285643,-36.7499193303937,-44.4128112434639,129.334300088323,-100.0,890.631082052087,-100.0,-100.0,-43.8660207148035,-100.0,-100.0,-100.0,-100.0,-31.5875368497337,-100.0,-100.0,-100.0,-37.9898627154412,-100.0,-100.0,-100.0,-100.0,-100.0,16.3430911278217,-80.5525148154839,57.493381881112,-100.0,0,-100.0,-48.1781031341271,-20.4668797462318,-100.0,-58.8054401522894,-100.0,-100.0,-83.196080191362,-100.0,-84.8758613427162,-86.551553332291,-85.844917630011,-100.0,-100.0,102.464746696777,-57.4575608934686,Glarus,GL,8
-3.18092270413191,-28.4582742647645,-36.0983852104991,-48.5432115854192,-53.35824944586,-100.0,-83.4290520701087,-100.0,-100.0,15.6250615873142,-90.3015299218607,-34.1253674885801,-61.0515740127158,258.843392891156,405.038849254219,-100.0,-88.4178519848268,-100.0,54.6946727337504,71.4131624586437,-100.0,-44.2668299869322,-100.0,-96.4728274883953,110.278516642942,-100.0,-37.8641889682673,-100.0,69.3130396382296,-83.8051675417293,-100.0,-59.9057661574128,0.177026324294438,-65.2141608932043,-84.7641911398168,527.920978902249,52.0780139289126,-52.6526078824169,-49.2311598481966,-100.0,-40.0832709050285,-14.4181029506449,-1.26754596236904,211.935759833488,-100.0,350.955948861641,-51.929517678328,-100.0,-77.0436886702628,8.05110087055405,-48.7366581584063,-100.0,63.1134814800801,233.211721970359,-92.4911624835551,-100.0,-100.0,-29.8557153813584,-45.2367512856871,25.4327850638745,11.2238901293958,-12.5154785238567,-46.5602262709448,174.461465942278,1149.97115190419,90.1819934430114,-32.6818994455012,-24.8702538299508,20.9649501842767,-100.0,-76.1190036254572,-100.0,-86.2478215633376,79.8309846039938,-100.0,-16.1718303491972,-100.0,-34.2841015428245,-100.0,-100.0,-63.4095288107408,-100.0,-72.0572767830657,-98.8424406680931,287.387753689316,-21.5236594736192,-13.3704729331524,83.4862656207204,-37.0159402777648,-100.0,-53.9322671288381,196.43584630139,105.322916486957,-82.0183970155641,-100.0,-83.8243784936371,-44.1799166613758,49.2725662820353,-39.4574330299758,-67.5332168336573,-100.0,98.4868839863744,-100.0,-100.0,403.794911201869,-79.2929403547557,-100.0,-100.0,-92.5648588168681,-26.3693981567676,-18.1837064208165,0,-41.643157218842,-100.0,-73.4362683184469,-62.3610636793977,-100.0,-100.0,1.76155917808896,0,-59.6566599708168,108.061779446281,-100.0,198.931966958399,-100.0,-61.0875081495934,178.935231864125,-100.0,46.6509090160356,-75.223564878014,-3.97148640940901,-100.0,107.866599540609,-100.0,-53.7238158488781,-45.8886947227622,-4.14681690710956,19.2441557673449,-48.1015059011288,-100.0,0.863296130174485,180.326038311729,-100.0,-45.4558042805443,-100.0,-100.0,-100.0,-70.2269674020438,223.567262742534,-81.9270391916979,16.8230125130778,17.5521459471028,-33.1566228928239,85.3843510102346,162.905827696605,-1.65110788668111,-1.97316319810272,8.58298699037436,-14.6235671369683,72.7485867610259,106.606801967635,-100.0,-100.0,-100.0,536.545187497695,-70.356415369861,-100.0,-100.0,-100.0,-21.84543975179,-100.0,-8.99188700869463,-56.9840727764545,-21.7184208044906,-100.0,-100.0,-100.0,-35.679014481774,-47.5536579620618,52.5203874978121,-64.4894559118127,3.82428355180648,-100.0,0,-62.8445533246215,47.5487156508707,63.7882054057835,-26.291627406141,305.031156332592,-100.0,-100.0,4.63850148118516,-100.0,125.532615888335,256.033887803874,-52.0619735965319,-100.0,-100.0,464.021488583179,-2.40046778216008,Zug,ZG,9
3.60781027876693,-37.712187354754,-41.5066611492263,0.498594503952954,13.8129821685683,-100.0,72.6089821888039,-100.0,28.9691406467193,-47.9457510334892,-49.9166779565372,9.03188218925541,-15.3131078856179,-77.7531175093734,-100.0,-100.0,-60.1261886788739,-100.0,-40.82592370327,50.6385901311065,-100.0,32.8347007205991,-100.0,-45.3565824161081,-73.3451649138233,-46.8950597337038,-9.36050623679254,-100.0,43.761658873931,112.293621064552,94.8454642864104,94.3069322769155,-39.4374263145828,-79.2728166817773,-24.3477107938239,-56.8610470942769,-71.4294993971909,-62.3840006447069,-48.6655239801855,-100.0,-46.447819299385,-54.6719338312786,-10.9926168111117,-53.9757184358767,-100.0,-68.7224446305594,84.5872791978795,1.81774261583099,-86.3214547798934,-39.9097823294208,-77.7852197929096,-100.0,-65.711077161507,-69.4546772152507,43.1727904976796,27.2380112420653,-100.0,-10.8361496763422,-12.9846761901653,-72.2966427590129,-11.6361515960488,-22.8585596977745,-36.9053648958898,-53.4647430656168,-100.0,-90.5566528815164,-62.2254483060651,-92.5389753344873,-57.2876394417317,-56.7048533175312,-28.8524005188852,103.444278203275,117.299417163163,-12.7334557300642,451.850150779137,-22.3013783808699,-100.0,-46.1592683926648,-55.0481003555003,-100.0,-30.9588276591579,-100.0,96.096521229233,151.062846630778,-100.0,-22.689769280834,4.63033164921436,-82.1934277962476,-43.7063104336491,9.20774006375422,-45.1009739138965,-100.0,-62.4559241616386,-36.9043281143743,25.552739569985,-77.5107192466575,-76.2425267229728,-83.6935569297252,123.846028950351,3.17531251737542,-100.0,-31.0099575143096,-100.0,-40.4757812399757,-59.9750942820526,9.43558666259317,-100.0,-11.2015752924228,148.093308724987,-35.1992503658443,-47.638528897432,0,81.5870782001597,125.695996131759,-40.2052166092484,-70.09706044942,-31.1435944004804,-71.7880004835302,-19.1536730274297,0,-46.5808293179269,-58.6753809899597,-59.4254388976614,-62.7771992442396,12.8479980658794,-73.5016523090312,-69.1435820928098,77.5968494151544,-78.014593450089,-79.4211777560735,1.72213910163772,-100.0,-50.4569764588822,-100.0,-38.7250689235044,-19.6279268433489,-50.0559526544292,16.5140153719758,146.347288628707,183.566764370671,5.14647960367998,-42.566077248961,-100.0,-100.0,-100.0,-100.0,286.907421940158,-88.1731355738816,-56.815982661042,-8.4652421254895,-42.9140522834856,-100.0,-86.723764933426,-100.0,-61.7071060547659,-44.2742257482397,-72.332386399285,-3.14710691551572,-14.1119470595348,-51.8375985411536,-100.0,157.938281293439,-100.0,-44.0753283921306,-64.9215073470337,-5.79645378848331,64.142542641279,-100.0,-100.0,-28.2387248980671,-70.2378906199879,-66.8610995668608,-91.4563029855486,-41.9937868188635,-100.0,117.892677116565,286.907421940158,-48.8990197437528,233.335625056136,-43.741290977543,33.1027669494987,-33.4015022033513,-100.0,0,-40.9623552352893,-21.5703778038167,-55.3373058724714,2.47818202739314,-41.0061950705106,-100.0,-100.0,-36.557183639861,6.90862974662256,-75.9501384399248,-59.6658785824008,38.2125628386819,1254.17597679055,-45.8329609283779,-60.4620152761883,-59.3839516163706,Fribourg / Freiburg,FR,10
4.22258662870512,11.8687836821808,-49.053188920184,4.1862286582238,-69.4543184974668,-100.0,-51.0440081379127,-100.0,-100.0,-69.9632692958202,20.0438765478823,-59.7347908567251,-11.6641116006641,-76.2276630685525,-100.0,-100.0,-71.6821122559754,-100.0,-50.0956719872374,-74.6123137407438,-100.0,-57.4170727554944,-100.0,-83.8303835501981,34.8983891512686,-100.0,-46.828151239183,-100.0,-6.8581907385738,-77.7274095504985,-88.7568817994723,-83.4576408481503,-47.3061514015657,-60.132820666496,-79.0463450743237,-57.8744674814615,-5.11735683552881,-100.0,16.3697933904683,-100.0,-79.3992810415815,-60.7666921370705,20.0698089725708,-55.0569209709623,-100.0,-65.5447117823197,-87.5454374133863,-100.0,-73.6903462984283,-35.605975948166,-50.8622708310496,-100.0,-38.3233536800177,-76.4993469191977,-65.5772372274591,-16.0916279262627,-100.0,-61.4125079043616,-62.3423269910034,-11.2166805605834,-52.4108580353953,4.00994062326909,-23.1022610164645,-57.0366067388768,-55.3487591464755,-71.6648332101065,4.20227057421712,3.32518544617235,-61.9104110281763,105.411569823496,-50.7350582526788,28.3985212337265,-63.5745144090477,-74.5995935264382,-81.4505230875566,-61.5706533637699,-100.0,26.1532045801385,42.6616409013023,-100.0,-62.9570430307299,-100.0,45.1775317368692,-70.81370504481,-64.4819675028783,-25.1701120134304,56.4562701713613,61.6297343926252,-53.0801048767814,-100.0,37.2723958672543,-100.0,13.5490446179495,-49.1662796436798,-58.6014985464011,70.5539686220034,-50.6486285303151,-5.90734686038902,-78.6503629798722,-75.1937550813753,-100.0,-72.702298168151,-30.5425142278508,-88.5509638837117,-69.2060407906728,35.7874127633261,-100.0,-100.0,-96.591508331792,28.0342184355034,-61.4510953964572,0,-37.5774378937889,-100.0,-63.4671665743891,-2.63353236593438,5.95209694056658,-67.4418035443051,-100.0,0,-56.8459407924517,-70.6517665751482,-88.2936821732333,-27.3963563357325,-73.9534428354441,5.75772904972576,-70.8645450670943,-48.7608711516932,-33.0746865126539,-9.13391355873446,-41.3035331502964,-100.0,-80.9415435381298,-100.0,-64.6426825820508,-57.9372368771146,-46.9272269570122,-5.74983335437297,-78.7556289171302,-86.6427911976636,-23.6166349763574,-58.0417328166297,-100.0,-100.0,1239.53722560573,-100.0,-100.0,-95.4503830280252,-74.8854288733472,-83.4296256607199,59.0864936893255,169.447143081613,-69.3569915711107,-62.2285575861424,-59.8253616999137,16.491448459477,76.2059939849642,6.79578672364622,-53.8758224476856,91.5999318368608,-100.0,-100.0,-100.0,19.8602630581336,-56.1439512393877,-81.8806558855263,-5.28524667434201,-100.0,-100.0,12.1839876372493,-100.0,-82.6163133495733,-80.2802090867715,36.645219304449,-100.0,-16.8726899003534,-100.0,-11.5399945354704,-100.0,-1.77916126495014,-46.1537520155815,136.535779402634,73.643714430373,0,-31.867316408791,-10.4611579957348,24.3100736800833,-100.0,23.7856182077906,-100.0,-100.0,-52.030573234905,-100.0,-71.5959027649335,-67.2219737449346,44.617763526498,290.698357468339,-100.0,-92.3951657913705,34.2276565535399,Solothurn,SO,11
-14.0089695135684,-15.1357169116293,66.2881635022793,69.278813733071,7.12421954632958,60.7845363414474,-42.5552412693128,-100.0,-100.0,71.7822349832309,-7.37163980329135,32.8220082820652,-33.4334616529847,116.596874633383,-100.0,-18.0908965807721,59.7830471569876,14.2416442426073,-37.983107411156,-7.31288274027495,623.530413536513,-76.3423298026208,145.727310257684,-10.1669429649441,-7.47518924215724,-100.0,25.0636844622377,-100.0,54.2962576748671,-69.0652079723106,-84.3842356790681,-33.6249664735689,16.1341915305929,121.488902103014,-12.6913020536945,64.888695427149,120.285150863979,-9.55869830793587,104.239081025369,-100.0,-17.3410878713321,190.623094977009,-2.2098877923297,47.5434568780341,0.957732121373911,88.0039657220861,-33.2424487925081,-67.3595302163979,265.419400776017,3.19768180394004,51.3330871785188,-100.0,24.3261899799055,242.724932727822,-23.5033924014259,162.21907604679,128.483288485215,-64.2701030352339,-47.6965966118183,370.249511542754,8.58857756176052,-0.835933170122571,30.4339608988097,182.379321925149,55.0422314721099,187.595771070999,12.8666782476555,115.265247002599,106.167268373307,-22.8919630334089,29.2471141518815,-84.7141461928906,34.2633757078066,98.6768714672547,20.2305731692722,-6.59340972786818,-100.0,77.8315715198177,8.07923189757041,-100.0,34.9338919699132,-100.0,-5.11076543783434,-26.2957133918662,-100.0,111.86249678141,-7.0666312649889,39.4561430689692,70.4390350594095,-64.9904638611365,-56.0015289065634,-100.0,45.2594520484395,-0.772971857849614,-42.500894288489,33.8917491241946,24.3964570641724,85.3378399206832,66.0561604837899,-37.983107411156,161.517016940908,130.645066323867,-100.0,90.8212079656738,113.851353754634,-12.8667982113693,-100.0,-100.0,-71.5953163715218,52.0976607899807,63.517873459252,0,-69.0357882937298,-100.0,-26.7073087586389,-36.6625584364724,10.3690461326884,171.323905076192,-35.2062316235958,0,88.3747822225241,180.24065313034,-2.44533750069488,44.3279309232243,-63.8234793231743,110.599557792528,32.6409976136332,-100.0,22.179835052903,30.5079635913235,22.2868304568754,-100.0,164.706248854822,155.363675365828,-11.6048816041364,-2.63048265036574,75.1691306097163,29.3348431402114,-47.0080800332732,-100.0,56.8289870616128,8.95185604615976,-100.0,351.482978046784,-100.0,-100.0,210.08446294422,-30.4905279571909,55.3342130756356,12.1975591567555,25.6786339988066,49.6959476282441,48.9621439633998,227.883873203858,139.936820941414,65.9293589511869,52.7544346399449,-32.7484399174111,88.1281013067466,29.1355471154553,-100.0,106.722975296147,-100.0,28.0584802719492,21.8248726515877,-93.708431186639,-100.0,-100.0,55.04223147211,23.5909322380326,-52.2946980085816,49.6959476282441,91.7241474355429,95.0608599973686,-100.0,-59.5900566907799,-100.0,104.77275854807,0.181134181978737,36.4206478785223,0.876836502686929,300.029789282891,-19.6077318292763,0,-17.1981543091729,47.3420178897336,64.234178890057,-17.869520625585,-31.2287923767275,-100.0,-100.0,187.541973715642,71.362466363911,221.243445798265,121.601327633939,42.7696665404324,-100.0,-100.0,68.9998046216673,-28.9786097142073,Basel-Stadt,BS,12
3.71783678639286,12.4123388141993,-22.1258806039012,-50.074664702983,-70.5492429892722,-100.0,-53.1561426249671,-100.0,40.0022630022171,-0.281033701077693,-74.9071335159611,-62.1249916515741,-21.3276519689886,49.3726608910178,-100.0,121.890379097854,-61.7094603453732,-22.63032834088,-15.9986421986697,-46.0979915709728,-100.0,-91.9889713268486,-100.0,-72.6224234791319,-0.846540203789448,-100.0,-25.5721856349917,-100.0,-30.639884602968,-93.0165141970391,-36.5457369126642,-50.7254605075996,-39.0752898695497,102.503273271064,-40.8705526091195,48.8935645733197,16.7547664303187,-79.5830033121767,-8.45003482136286,-100.0,-65.5505233476786,-38.4927296433774,25.4782953319549,-15.4496137163081,-100.0,-8.17174403082927,-74.8241844208504,-77.8943795259657,-40.605100544514,-34.7691516281271,-75.8847776646899,-100.0,-26.5822411952051,110.003394503326,-61.1447463914552,-40.8044122876532,54.73934331824,-57.6536364993294,6.2667779414419,31.1111044937975,-52.0383764592731,-10.4554053894449,-6.54323135972181,29.8990069092736,26.0020367019954,-30.2917602624944,7.03273649060889,-27.1062597591762,-14.6437815889709,-100.0,-43.3616063861433,-82.7461999821211,-59.147703624185,-15.3279726753058,-94.183882249166,-48.7901558485743,-100.0,-45.0954980635884,-51.2025307378165,-100.0,-30.9693671914381,-100.0,-27.7037494332813,-74.5428822282896,0.228892831132721,-45.8554783969326,-2.18088687250475,-5.25345062844337,-33.7980061207761,-100.0,-80.1348140334692,-100.0,-56.433330203421,-80.6150712766161,-22.1179464093627,-44.1983862766964,-38.104262672704,-1.83749375706617,-27.7037494332813,-85.9997736997783,-64.577740686186,-61.4840935845429,226.671947005173,-78.4611903073512,44.8299272436729,-59.2361032721658,-100.0,-51.8024996221875,-93.5876826105855,-30.3399241606862,12.7018217167848,0,-62.2533128282182,-100.0,-0.725668052973338,-0.298072956622986,-75.0843430250292,-54.0617574523975,-56.1186936858723,0,-65.2065381887981,31.1288801358794,-44.942930280027,18.6604546177328,-100.0,-47.263721559703,-51.2783424456293,-51.8024996221875,-12.9668760950125,-20.3555015230202,-58.5908799570907,-100.0,-10.3644047851659,-100.0,-33.4830877138787,-60.4341430645908,-33.4369375830248,-2.59733198012363,-77.7304101269943,-56.0249302108421,-49.7776924955676,-41.6566444842901,-100.0,-76.4796198156275,-100.0,-100.0,-100.0,-100.0,0.769990432104284,-74.671558780911,-7.21068089627124,-100.0,-71.1760046760141,-82.2353623985102,13.3694417627208,-13.4583653610078,-11.0087772063092,-37.4276841048437,-18.8696289216875,99.779135552374,-100.0,-100.0,-100.0,-30.6183475387243,26.9313555551671,-44.6078002904271,-100.0,-100.0,-100.0,13.5356132643179,-100.0,-44.4039956709772,-35.0778149484987,11.6555915133602,-100.0,-43.3102538774267,-100.0,10.9451895489268,-54.7684996454376,-8.78414475767666,-64.6628903479981,124.788434471753,-100.0,0,-59.9448566342431,-22.6423740627637,-0.516508920592884,-76.161776840163,-12.6718557510923,-100.0,-100.0,4.49280372701826,-100.0,24.2768179757958,31.3539404780175,-47.3205365568886,-100.0,-100.0,-7.00579610801638,2.2102410875082,Basel-Landschaft,BL,13
-0.881283398275134,21.4393355019446,-78.7483912109474,24.6386806790398,-51.5818464989804,-100.0,-97.1832866341704,-100.0,-100.0,-52.8307988980576,-10.9790361849188,-83.2040425222753,-5.92041857786817,-46.0556972642716,-100.0,-100.0,29.9356574522505,-100.0,-21.1154568546192,-57.236377468527,-100.0,-100.0,293.595833723284,-83.8122768851521,-24.8090704734865,-100.0,-61.4494891226929,-100.0,-19.0571970070851,-100.0,-100.0,-84.6658488772905,-12.078575104604,59.647289698985,-53.384180586963,-19.062486306035,101.050109530694,-100.0,28.856175382923,-100.0,-77.084680497253,-100.0,35.9378048410343,-86.3656345180823,-100.0,-26.0845619346432,-86.0047346266971,-100.0,-12.2029495482574,-66.9404450279968,14.0701527673768,-100.0,-38.9828514122335,-100.0,-65.5386907698226,-100.0,-100.0,-57.0769975569259,-58.1112867724216,18.9708504686429,-31.939382749318,52.954049314914,-13.7054203005995,-46.2356206512009,-75.1659771579357,23.6505739835002,-21.2731315834938,-13.7992595564709,-57.0077669078241,-100.0,-63.4665863619369,-63.2736281913133,-60.261110916105,-82.1551931673789,-100.0,-57.2529115013647,-100.0,-18.3170092062222,-100.0,-100.0,-83.6735180778915,-100.0,-85.7509705004549,-89.374917222071,-100.0,-75.9892044344682,37.9918364266616,202.018264507476,-27.7347141316373,-100.0,-29.5250703130607,-100.0,-60.113615320585,0.864338927768982,-100.0,-87.6271772317117,-69.5020772115,82.6870645853008,-85.7509705004549,-83.4439847719571,-100.0,-46.861697848858,-100.0,-100.0,-100.0,-79.3405065489231,-100.0,-100.0,-54.5025535717905,137.419855292787,-44.3717888337759,0,-10.725053406559,-100.0,-72.908338717748,68.6284989512412,-100.0,-45.6755750329843,-100.0,0,-58.8548733977633,-63.2736281913133,56.259020129843,-3.59149669036003,-100.0,74.3342329149399,-72.9925178827887,-100.0,-2.14869891468055,-20.7477169955925,-51.0315042550844,-100.0,-100.0,-100.0,-29.2061792285044,-67.6077962929596,-46.6773582941982,18.678512182686,-74.8478850732586,-100.0,-48.8502349309341,-29.6530403539968,-100.0,-100.0,-100.0,-100.0,-100.0,-100.0,-1.78635034211848,-86.1758918573002,16.9492195529041,-100.0,155.644352785956,-100.0,-59.7803743174794,-16.7531986739617,93.3727544796383,22.3184388427723,-32.2247803749137,90.3819078614177,-100.0,-100.0,-100.0,-7.69655226843348,-49.3402016497554,-24.418191350239,-100.0,-100.0,-100.0,63.6623472838853,-100.0,-65.1936943481635,31.6124869863346,-3.27397594744653,-100.0,-79.1949010764621,-100.0,-100.0,-100.0,49.9961752484738,-19.209829536233,48.5843464473839,-100.0,0,-71.5795923878283,20.1683683530063,16.6525968820962,-100.0,-58.6919224013187,-100.0,-100.0,-74.7246617277859,37.2406525482502,-26.8791039546634,-35.5692497446226,-33.7609188880298,-100.0,-100.0,-74.6221664387664,42.1989037991413,Schaffhausen,SH,14
11.8199369083534,3.14114995219823,-68.8934704859871,-13.582539516165,-81.3497621726392,-100.0,-91.7542075692803,-100.0,-100.0,-65.4786100950198,-100.0,-100.0,-95.4097761017807,-86.0659403539907,-100.0,-100.0,-56.7749584216378,-100.0,-35.8525853551365,-74.0174933797087,-100.0,-100.0,-100.0,-92.101870312738,28.2425543240236,-100.0,-69.8538654886526,-100.0,-54.9783316740536,-100.0,-100.0,-100.0,-49.9527751339495,16.8399338174299,-91.4709024103478,-12.7060708202225,29.8781893220997,-100.0,-66.4118969519026,-100.0,-77.6388360520286,-100.0,42.4764137985029,-80.0430265549313,-100.0,-67.9431292693386,-94.6614244004592,-100.0,-48.5956744596717,-75.8049371070087,-89.5645354166251,-100.0,49.2983047911885,72.1851656256862,-83.1860300820732,2.46365560723163,-100.0,-68.5862455031327,-100.0,-83.147673097199,-50.1889569804975,-35.418423496288,-40.1681854259536,-55.0306783932916,-27.2995967358214,-68.060492289796,-55.385177010252,-57.9419154670041,-78.1117065441183,-100.0,-100.0,-64.1617730387852,-86.3136847283931,-91.2933648785415,-100.0,-100.0,-100.0,-72.4088830985346,-100.0,-100.0,-72.6885783801833,-100.0,-100.0,-97.4079652486456,-100.0,-78.9128664565228,-59.4321424164184,-12.6257800320142,-55.9264298918086,-100.0,-100.0,-100.0,-70.8086334885707,-100.0,-100.0,-100.0,42.8499151857545,-91.6436318087151,-89.5716634662039,-75.7665322452738,-100.0,-88.8885846539465,-100.0,-100.0,-24.7926862784359,-93.9520330045646,-100.0,-100.0,-83.3510526875927,-70.8625338829175,-74.5548588575375,0,-78.2209918894757,-100.0,-100.0,62.5438826923868,-100.0,-100.0,-100.0,0,-69.887406931997,-82.0808865193926,14.3601849099439,-14.2962725747488,-100.0,-62.656947365322,-68.3747598436509,-100.0,118.18072171736,-89.9127289821754,-100.0,-100.0,272.367919157988,-100.0,3.62274673401028,-84.1955645077872,-44.2501928593116,-45.9832963846083,-65.6956642665381,-100.0,-58.8219211589082,-71.2875839248477,-100.0,-100.0,-100.0,-100.0,-100.0,-100.0,-73.1651995484388,-79.7652953141451,24.261985932879,-100.0,-100.0,-7.75175416629902,-80.3764978335765,-9.45054847157659,-27.7947186649758,-55.7924288823584,-53.6428307701633,-16.1240151735793,-100.0,-100.0,-100.0,-100.0,-83.5217650453562,-100.0,-100.0,-100.0,-100.0,7.58539428834102,-100.0,-100.0,-100.0,-25.8388467475148,-100.0,-100.0,-100.0,-100.0,-100.0,-12.5852674466667,-85.7278855771444,-23.6811196825079,-100.0,0,-100.0,-38.1995637829028,-12.8839675579029,-100.0,-9.30444741300488,-100.0,-100.0,-26.0076671140024,-100.0,-76.2157895537038,-80.2609162233447,-79.2237450413098,-100.0,-100.0,-100.0,14.4771176143508,Appenzell Ausserrhoden,AR,15
18.2329110993287,-62.5346790806154,-78.7574378454638,-100.0,-100.0,-100.0,-100.0,-100.0,-100.0,-100.0,-100.0,-100.0,-84.3267445799063,-68.281565240504,-100.0,-100.0,-100.0,-100.0,-12.3878192819634,-75.8044801451698,-100.0,-100.0,-100.0,-73.0319464421978,275.794606841038,-100.0,-92.0820341966637,-100.0,-91.9091653690468,-100.0,-100.0,-100.0,-45.072501581094,-100.0,-100.0,-46.774303116978,-33.9479954242884,-100.0,-100.0,-100.0,-80.9120294664109,-100.0,50.9777080434709,-100.0,-100.0,-72.635565602503,-98.7282447541539,-100.0,-100.0,-100.0,-100.0,-100.0,-95.4484198439508,-100.0,-100.0,-100.0,-100.0,-100.0,318.708815479773,-73.1470503575964,-43.3069629937665,-85.2991405732567,-88.6502835777854,-87.204406596163,-100.0,-100.0,-80.1009153218348,-100.0,-90.6578409449405,-100.0,-100.0,-100.0,-100.0,-85.1356579620098,-100.0,-100.0,-100.0,-68.596838839017,-100.0,-100.0,-88.3431915189553,-100.0,-100.0,-100.0,-100.0,-75.9994256320296,-92.1961474149673,-41.397882187067,-100.0,-100.0,-100.0,-100.0,-75.0816216409026,-100.0,-100.0,-100.0,143.879520595236,-71.4672974673061,-100.0,-100.0,-100.0,-24.120454836635,-100.0,-100.0,-100.0,-100.0,-100.0,-100.0,-100.0,-41.7622607069159,-47.8707524727683,0,-100.0,-100.0,-100.0,-100.0,-100.0,-100.0,-100.0,0,-100.0,-100.0,-100.0,-57.1139562542131,-100.0,-78.7487780158044,-19.0120442352692,-100.0,34.2982194163705,-100.0,-100.0,-100.0,217.86126540995,-100.0,17.9394740435108,-82.0119918815625,-42.8929185387273,-68.5614862934836,-58.2925481698124,-100.0,-95.7393340803244,-89.8581230491767,-100.0,-100.0,-100.0,-100.0,-100.0,-100.0,-100.0,-100.0,-49.5240235843532,-100.0,-100.0,-100.0,-100.0,-12.2081941036589,-40.8294579713601,-47.1688529476441,-43.0170734149822,-43.4749909344362,-100.0,-100.0,-100.0,-100.0,-100.0,-100.0,-100.0,-100.0,-100.0,-2.04031283053323,-100.0,-100.0,-100.0,-59.7146464240868,-100.0,-100.0,-100.0,-100.0,-100.0,11.0609800846482,-93.0382949349317,-67.6145684653476,-100.0,0,-100.0,-100.0,-34.5595751441313,-100.0,-100.0,-100.0,-100.0,-57.8923687179065,-100.0,-86.4648575771845,-85.0224831124173,-88.1766279139869,-100.0,-100.0,-100.0,-64.465407275234,Appenzell Innerrhoden,AI,16
1.44269382618405,2.41036038527593,-52.4049810145788,-28.6408265216962,-64.9413870833156,-100.0,-34.6640345450313,-100.0,138.363625694334,-56.6121608402625,-52.5307146554669,-54.3232343677524,-17.2248984735551,-67.0047308515601,-38.2020229681356,-100.0,-81.1036763322725,-100.0,-24.2844953676821,-82.1877262767288,-100.0,-95.4535548232688,88.8919297955101,-91.3681046049646,134.710285686043,-100.0,-50.0728915246084,-100.0,-32.1497920963202,-100.0,-75.9921528077649,-79.8852218246769,-28.4057973753071,-65.948053472238,-88.8142209171374,-42.7576835171458,31.3013052544151,-100.0,-18.6764140464076,-100.0,-81.0600853988757,-72.0745543119609,2.6229238055695,-56.3778985657428,-61.1966190730154,-58.3958501084692,-93.3513276723464,-87.4545460160877,-63.4830135720801,-44.4699635862645,-65.7851254984209,-100.0,1.98042136577641,-49.8181840643507,-72.4359243415142,-55.2068354399909,-100.0,-86.2671162151412,-59.794087232281,-73.8464812782212,-51.9125040062001,2.81363945275916,-18.6252634250564,-77.8837873067113,-76.1636374305666,-77.892355496969,-27.8880872552998,-72.4207375229696,-65.6124160064626,-43.6902980153704,-24.0242033688812,-52.998721694075,-89.9034681182812,-80.017420600475,-93.3984356879907,-43.5840189186566,-100.0,-23.6087657413339,-58.459451123809,-100.0,-65.300822824908,-100.0,-40.7347269448514,-79.3202355297445,-81.0392570470416,-63.1260689533627,48.2783710355963,80.581457053868,-23.8942927199961,-100.0,-26.719290749377,-100.0,-24.2295358094014,-54.527554482927,-44.750152984757,-52.4969286872501,361.533312674819,-14.1525639261785,-61.249629156249,-84.1090916203777,-100.0,-55.0682830750855,-62.9212137808814,-69.4405608084187,-50.6833877873792,-70.2556944036517,-100.0,-100.0,-89.0825820292671,157.888228165169,-40.4885481183146,0,-61.9162252813617,-100.0,-32.8247963952331,350.691476815588,41.402150835622,-56.5482973994703,-100.0,0,-47.3437355468138,-58.8738814823156,-93.7507663675643,-37.582966578008,-72.190910335661,-44.9033119573227,-26.5528962775097,-100.0,211.323924685571,-42.6730361726213,-60.8322680783958,-100.0,-69.4778284171889,-100.0,-69.8000836224373,-65.4545470008211,-38.7661819697046,-9.83736770133904,-65.852316825727,-64.3473209431552,-24.8574986266411,-37.1319801751714,-100.0,-46.6065478444692,-100.0,-100.0,-100.0,-56.2826538027859,-66.48245313526,-87.836978675637,117.149731305428,-71.2319762093045,-26.3877038296909,-49.5907740223463,-1.345645920854,31.0938853767404,93.8113627003875,7.98317428660367,-44.9384483071327,13.3189998466613,-100.0,138.363625694334,-100.0,32.8929948561332,-63.0812948870621,18.4909037871835,-100.0,-100.0,-100.0,-17.5368909323933,-100.0,-62.8799693023284,-68.4186994348201,-8.63341704452109,-100.0,-76.7024913716309,-100.0,-84.2590058503741,-87.1650355395358,11.7547704487018,-49.8634200763119,10.6979756457224,301.686850707119,0,-68.1748837628818,-36.874275680202,60.3326915654671,-81.9616715690774,-37.2230451141655,-100.0,-100.0,-64.9578514730462,-100.0,-77.6452870123089,-77.9876333787519,43.8074947486797,-100.0,-100.0,-87.8208366433552,34.2115574802454,St. Gallen,SG,17
8.39833674165369,-1.98480559995299,-70.65974419632,-81.3537952572839,-89.6522056678934,-100.0,-87.4186134427644,-100.0,-100.0,-68.8753087271306,-75.9012675952704,-86.3595741702698,-70.7116352787077,-75.5181952593571,-100.0,-100.0,-100.0,-100.0,-64.4088048728469,-75.7549265653508,-100.0,-88.4595307353373,-100.0,-93.4267684115915,-21.9436732350052,-100.0,-63.9745241769001,-100.0,-19.8024257557024,-100.0,-84.7649200714704,-82.565442198813,-53.3895558517432,-24.3687103547996,-95.2677628825349,-43.7823372863938,7.20395937164315,-41.1756636092886,-49.1098311678259,-100.0,-76.7373550706817,-11.3943050181752,7.84303923342979,-22.4902861675331,-100.0,-51.087795882999,-93.6970850102951,-100.0,-71.479109628746,-73.1514914730192,-97.1050224059253,-100.0,-61.5405019738368,-68.1552464651788,-100.0,-43.1496346291111,-100.0,-100.0,53.0850200047431,-82.8578723889015,-74.6661911792042,-0.864570143572585,-40.9835527784894,-78.1682875250968,-89.9158280473066,-85.2323841696959,-14.1359648965191,-64.9970890898246,-65.8439337086192,-100.0,-85.1651410853547,-100.0,-98.1015902195736,-83.0924063068614,-91.6214595051806,-78.3024988722786,-100.0,-87.2429149996048,75.7407560220425,-100.0,-88.6350119316694,-100.0,-94.2139996992743,-93.5283242816331,-100.0,-86.3501539866858,-74.7176272565825,-20.0686380530506,-53.5382839592995,-100.0,186.172447306164,-100.0,-41.2881384398635,-77.65968059711,-100.0,-84.9275721703515,23.8407081909715,-25.817585635359,-53.7119975941943,-100.0,-100.0,-81.505012139165,-100.0,-68.9717786070973,-79.1361959599447,-91.6109489895724,-100.0,-100.0,-86.1438858665282,-73.5159051527917,-63.2936140921961,0,-45.6231526659329,-100.0,-94.4995425712582,-59.917802333143,-64.1071845751591,-55.8817477069664,-100.0,0,-49.8774885191571,-45.3182225100429,-100.0,33.2258489685102,-100.0,-81.0073891473936,-45.1663358346553,-100.0,41.5386876335018,-84.6088951366226,-80.1157172763792,-100.0,-100.0,-100.0,-100.0,-75.1549386672772,-69.068086761868,-62.0262325068646,51.0940535696634,-100.0,14.2350823574421,-63.7440665980985,-100.0,-66.1171822389502,-100.0,-100.0,-100.0,-100.0,-61.1825847998017,-91.5798166597789,-39.0789218967934,-26.9766858598065,-100.0,-100.0,-83.6683076344554,-10.6845251960319,-38.3045552496965,-28.8691389119412,-68.4666005424194,-19.1720832678177,-100.0,-100.0,-100.0,49.9239723940256,-79.4289422659574,-50.8944670129713,-100.0,-100.0,-100.0,-18.0228734992923,-53.4576679106459,-81.1552737702727,-86.639267444381,-51.8391169492696,-100.0,-97.1839413429979,-100.0,-100.0,-100.0,19.5598762540372,-73.4159249003516,-68.9760373386328,-100.0,0,-53.8381229413491,-60.4357569347854,-13.7220688966136,-77.1062042155069,-83.2263278410645,-100.0,-100.0,-82.8943771400193,-100.0,-79.5457362791606,-70.0850235852437,-84.6301575136993,-100.0,-100.0,-100.0,-42.2583201072771,Graubünden / Grigioni / Grischun,GR,18
0.491275460458573,4.18939677741879,-30.4393709828598,-4.65825471998783,-69.4987532525679,-100.0,-53.2137263237624,-100.0,-39.3383853560547,-57.5128657185708,-52.8858583277466,-61.024179963069,-39.1012834347164,-54.2684876520546,-100.0,-75.9642658957953,-51.6699366908091,-32.9529522356394,-19.7125688536018,-69.5495306393934,-100.0,-93.0577988690853,-75.9642658957953,-76.2751263989536,62.0666155974065,-100.0,-32.1484283978512,-100.0,-7.46820600330678,-87.8964949404005,-90.835295629332,-68.162016424745,-31.3202430001436,-28.5059541696359,-69.3980793164902,-27.6817426401158,40.8357921180952,-91.1535145310913,-3.84892828647964,-100.0,-71.546126562104,-62.6892997796654,10.4792946347252,-61.6999217346071,18.501758839335,-17.7485823489183,-86.5535147437207,-90.4218503193771,-48.5295390899858,-49.5287675307904,-50.367769836772,-100.0,-23.363930648455,-56.8983264371968,-69.1347291128825,-82.9007529191563,34.0940955287212,-63.3034676845269,-59.0716816860128,-18.2548026079972,9.44819868874962,-22.0431534313427,-28.1649200852561,-61.2265968255195,-30.2391431594629,-65.3543497954036,7.51654445289292,8.78983783253002,-54.1124237612736,-43.4327749767828,-82.152099369207,71.9457739027323,-74.3051430575848,-65.6735174619591,-97.4799329228035,-54.3173291359633,-82.7852174659074,-5.60906588836704,-31.2837311294727,1173.89390752285,-45.5917405329015,-36.3053046238574,-58.232986638595,-75.1277080874146,-100.0,-65.9825752134782,105.472142065199,84.7373995682091,-37.4821119287284,-100.0,-13.9260873295371,-44.6133083685717,4.12803928604573,-58.0034975541917,-32.5089320517694,-48.6211235400036,-38.1677226173119,-13.539767633917,-54.7524021918113,-89.8897308926758,-100.0,-31.3914489398173,-71.6912464994922,-53.3372195046575,-43.5219449866716,-70.2259049740466,-100.0,-79.1164933192975,-84.7188298988535,29.5083304693664,-11.6766890784156,0,-56.3859432517141,-100.0,-32.1692854435884,-12.0932831953868,-78.4085778385957,-40.2862230848663,-100.0,0,-34.6721073065204,-53.6494000783939,-71.373170617464,-11.8433852227218,-100.0,-49.1065621943582,-48.5428665008895,-100.0,5.20577221442824,-33.9275376672984,-82.0578322884105,-100.0,-68.9294168896866,-25.0650642633617,-36.5935159151522,-58.2401928175739,-17.6632384036718,15.4453549194479,-59.8601065800691,-61.8920625954703,-36.9039879069188,-44.3187747295459,-100.0,-79.6176974796344,81.984843931836,-25.0650642633617,-100.0,-100.0,-33.9462418321484,-87.3370386926158,50.7721192260417,-100.0,-31.3096422414149,-61.5137792289169,-65.6146888714912,12.2131046899019,79.7814708687188,-43.747264833579,-44.9960788830406,26.3902402194032,-100.0,-100.0,-100.0,-6.05502156911124,-14.7529171436408,-40.9208622598098,-22.7943086349787,59.2367384403565,-100.0,-6.28028473265126,-30.0058292569862,-44.7365268149152,-43.7397012450476,-2.53825591594876,-100.0,-69.5078585965275,-100.0,-63.9463988436929,-90.2008160959781,4.65945951286277,-72.7800447110502,86.7543376382919,65.1343954196289,0,-51.4045920835969,-25.2283974566223,23.5004706922297,-86.2281739727259,-24.3231342065633,-100.0,-100.0,-31.0574379612027,-83.2382380589099,-67.5192445036236,-54.706401075721,-37.5910446756779,59.2367384403565,-100.0,-59.7065187401531,-34.0041329436014,Aargau,AG,19
0.509714740089162,-50.7668846682391,-55.5900666158882,-21.6661444567042,-82.5026319495582,-100.0,-73.9327859861663,-100.0,-100.0,-47.1943907657545,-73.4244316542304,-89.9717527927665,-57.8714118752044,-80.1067277411724,-100.0,-100.0,-82.3682290042695,-100.0,-24.1181916155175,-85.3067211086403,-100.0,-91.5156110140436,-100.0,-77.4481166012188,4.0363462737453,-38.9456714147842,-56.8035447496428,-100.0,-64.7205858570916,-100.0,-100.0,-68.8714478780464,-65.3681177784498,-28.5103652535355,-93.0418530550927,-67.5715114049119,118.716064586122,-100.0,-33.0768512021589,-100.0,-78.3370031493687,-60.9150114077907,-44.1374996782253,-63.3674028488705,-27.5867265617208,-72.2130693525553,-94.1001172108797,-76.5881897906315,-68.5477701227676,-40.7840743357336,-85.101575321311,-100.0,-52.1502092568849,-88.2940948953158,-82.8536852541519,-79.1022096788859,-100.0,-74.3722571370699,-74.9897931096706,-91.06357645478,-45.8180183517824,-16.1406916598157,-45.7649334579402,-76.3066044444707,-100.0,-86.9716704692636,-8.29747250038753,-65.6884764975647,-69.3087111681845,-100.0,-72.7340564111558,-37.870771263636,-88.1366869378346,-86.23796785098,-100.0,-80.857966652586,-57.9220167858648,-30.596675879336,-87.0797893865311,-100.0,-74.2375854113814,-100.0,-70.2235036818005,-84.1403866323633,-100.0,-77.0624621889797,-18.2219657998883,-2.20076175322709,-31.6840133959883,-100.0,-5.32453776819573,-100.0,-24.0906746414214,-76.732262468843,-38.1370048110065,-63.0632175818979,45.6734857471817,-9.6716747860764,-68.0966110876434,-90.1150134671555,-62.4846896645059,-84.1365390793871,-100.0,-77.1884926165128,-69.3224555877241,-80.2639645613881,-100.0,-100.0,-83.0219696954961,229.794550537749,-75.0898339372319,0,-28.9296260691353,-100.0,-55.5175606021999,-17.7355517446047,-73.612112221644,-83.7824439695521,-100.0,0,-57.0090822388125,-63.4533948609624,-65.0138117095954,-41.8352926573481,-100.0,-83.4981574186718,-72.5872072069487,-100.0,33.3446123544699,-76.3406913014674,-100.0,-100.0,-81.0135929399634,-100.0,-85.9105395572579,-70.9897134362173,-49.401935831971,66.1295350459011,-45.5415494395581,-100.0,-20.8514339444129,-70.5181238232479,-100.0,-100.0,-100.0,-100.0,-100.0,-100.0,-63.2524229456968,-87.6192017580676,-18.5508182342835,7.37140544296577,6.84507502412772,-100.0,-67.9817916931002,138.486066684259,51.9774603715986,-66.6397805008536,-48.7177454315449,-25.7205804684872,-100.0,-100.0,-100.0,1.03680925164036,-61.3509296111936,-63.8983100539593,-100.0,-100.0,-100.0,-40.3167119608583,-100.0,-75.7548439322335,-70.5321379383659,-6.4974998747942,-100.0,-83.4373895859255,-100.0,-70.6248041712641,-100.0,20.2388175466501,-74.2182442592879,23.5791125016685,-100.0,0,-40.609277098305,-52.0063358202157,102.19521383331,-91.5844033571729,-50.6729384895682,-100.0,-100.0,-54.7270810652439,-100.0,-83.830447329044,-80.3180701989334,-37.8517063528127,-100.0,-100.0,-62.1195771551581,-68.1618531917586,Thurgau,TG,20
-4.17211434259403,-14.6367737505591,-42.1510081904791,5.65263353186651,-83.2360886427382,-12.3694901848369,-45.6894355857955,-100.0,12.6677983337812,17.699316744391,-56.2470712018176,-27.6095788483435,-63.0086482920959,-58.2508736323257,-12.3694901848369,-100.0,-90.6216498555686,-37.7362167102788,49.1191448535339,-71.0813216622971,-100.0,-67.7653438009618,-100.0,-60.8314741436622,23.9928454817654,-100.0,20.7509470472118,-100.0,23.0200157190984,-71.8999552849239,-74.4673694423446,-12.3437240837445,-70.7761508858524,-21.5349261604024,-89.4255921116898,-25.5936982210643,-73.7817520810023,1674.51782375705,123.829291697454,47.8764853130878,-65.3456790185367,-10.9028707737044,-32.9975570970788,17.5279778697482,-44.9761915114092,-62.118779615335,-82.8373326958739,-100.0,-92.0335900168034,-13.7582462833339,-83.8275887559166,-100.0,-68.8055890582013,-37.7362167102788,-92.1827408645064,-52.3619376172603,-100.0,-75.6581917180102,-71.4936895782,-65.1773675029891,-58.8293852744421,-29.9400746401615,-49.0014472597581,-63.9927654809565,-43.6661008331094,-40.6019138491363,351.609061625814,-80.4460845866991,-51.2378614738205,-74.7848266606458,-4.69606550750208,-91.6689304048965,-90.4553052957935,-71.3270573102653,-97.6597193224437,52.7248946676153,-100.0,-61.5164809305699,-21.4597920328828,-100.0,35.4432208949928,-100.0,-9.49635871548724,-75.0944866841115,-73.1133663067113,-70.5881023686676,-61.5473266046526,52.0122916303096,48.9010337101762,-80.919163185408,-84.0133529391256,-100.0,185.008598844345,-54.2395403690489,-84.3309684436463,-66.3199464055601,-76.478126312772,64.4690849240254,-67.6772709698169,-43.6661008331094,-100.0,-91.3900154111739,-100.0,-56.6662314100842,-30.0682631031703,-54.6978151424318,-100.0,-100.0,-76.7783927098314,-73.9710953110776,-46.3701279931202,0,21.5076398578296,-100.0,-26.2538047269796,-72.943734548394,-79.9489511439881,-87.6769595572427,-100.0,0,-62.6662916763802,-41.6825128342752,-2.52336548650391,-36.4526137446661,-80.2831352915883,-35.3756248448308,-62.0161902044062,-100.0,-74.4104854677559,-53.8832500378081,-88.8919072065286,2266.0237650094,-85.5730258231134,-100.0,-25.0580707915573,-43.6661008331094,-49.8888521560908,-36.3593639919873,-27.9066612649205,-94.9443936645098,79.071353199731,4.49171102278889,-100.0,-100.0,238.003395001344,874.245079709755,-100.0,-13.9001541117393,-41.4806425980097,-49.8258711197475,-17.7901369328756,103.967565949087,-65.2055328675088,-85.7037838972241,-66.5472218314866,-76.6117589312243,-44.9449634702692,-59.9211263202403,-49.9690604746353,-70.0687346747645,43.3953796975397,-100.0,-100.0,-100.0,-75.7396375956942,-65.7098005071101,-100.0,-100.0,-100.0,-26.8606766242512,-21.9992165381515,-73.6816043936662,-85.0724052680795,-65.2593110238186,-100.0,-71.6832262166428,-100.0,-33.0370632544508,-63.5996343844707,-55.5779825743907,-54.8155183765565,-71.1831534507993,-56.1847450924184,0,-80.6592062805771,42.9265484701306,-68.8130391031571,-4.08011763475387,-1.61089294020297,-100.0,-100.0,33.7816345320342,86.7913498691636,-0.110228958163461,-62.2714210722534,-71.5583443988436,-100.0,-52.6795246998119,-36.6757629802836,-48.3893929922965,Ticino,TI,21
-11.8998777352097,-18.7498188942481,-8.30223186236846,68.6123030586717,145.692652633805,219.016584100298,107.602002035024,-17.1783868201149,-48.7294775553092,86.8519266257328,47.0289804388287,-2.90799614338753,79.0152065995772,99.8099764272859,-100.0,123.462088391011,8.52163810773165,-43.3325804558681,-3.18918997208392,231.241604627001,79.4468285564177,266.716952090772,-59.3705293834526,17.5269968714044,7.04378752815362,47.7797411641087,74.9858699810949,46.8201324552509,55.7452530323588,119.939580843495,128.504234924359,254.883672117161,117.378251486654,81.2779186437281,105.712230278083,24.8835596733248,-76.3388067530959,-77.5691464304478,-52.9897291241607,236.462803543283,381.372195534352,44.1581216854903,-16.065658791069,-7.10987698256026,-74.9609076432906,14.7329329037883,286.535210552826,13.3348390882638,-9.37028860786986,67.2182808101008,-21.9903055626236,-100.0,22.869294467775,-14.9988706838022,131.225538998908,174.589777925257,-43.3325804558681,137.047045130083,-17.8436206609172,3.71443016278641,26.4617127836418,-10.5802182574196,61.2794487874793,97.9465016034711,-10.2765857217912,56.1712984926146,4.1722047639138,-31.780544515742,85.0424823501125,68.2911642589494,39.5348369160236,3.62422494102994,200.901203778377,207.162620993492,446.327733231111,98.5682119271835,-56.3507714322227,-34.4910975269945,38.4942328277746,-100.0,76.9589700209754,-100.0,102.980838858899,195.767370394856,-14.354922734437,115.137910479241,-13.032617955208,-72.234798320448,-23.5382451070229,143.121509657082,70.9594785571277,134.061080725762,-16.1094654263019,92.6194089383613,128.170801873061,-28.4767089027801,-76.7033941874124,-15.7277619587267,73.5633259807974,176.86082120133,-87.0279401043554,73.9615543210687,-4.29502476991057,18.3165902569787,-52.2653756549431,176.385555035264,-100.0,217.709139083494,288.638387691435,-46.6237012253828,77.2934666137407,0,99.6697949700511,258.893657112835,35.6338366491365,-40.1372172875673,146.359205306268,68.2314017716416,-35.7205390245668,0,-0.189337962702585,75.6556983756483,4.84533803296314,34.2724962804554,61.5021457007759,-14.8487124175825,107.418602453612,41.2040618148861,-79.0917949665946,-23.8818209889527,21.3161657846204,-100.0,90.3887083464432,-36.665825215382,31.5402091680528,59.7559757334568,-32.1791245003132,12.2913492944711,139.662291181767,104.753432583605,57.784142346542,72.2549906804212,-100.0,-39.7058656050437,-100.0,26.668349569236,130.717351001108,147.620951195755,71.8093552506267,139.024602649702,-12.6537651514468,11.3807901384662,16.1126537717997,13.8484410780898,50.8460486836725,-62.4734464115744,-64.1513713667088,13.0148695845399,102.667205453448,-35.7890771421356,291.520353214002,-100.0,-100.0,-68.2394993705455,76.0573849517363,-18.8588253484024,-67.3733038988332,34.5851214173132,-100.0,2.47841999115914,-29.0100458458128,152.7026528948,-8.29531158946477,-21.3112383499568,-100.0,142.682745534411,-100.0,62.5178824661896,123.61835558569,-33.478033195597,141.131675872686,-50.4087417954611,-60.1229269874627,0,-17.8554027316671,34.9413330106644,-53.5537338469666,144.435679979553,34.3186162263879,-100.0,-100.0,46.1085647696842,183.33709772066,94.9621720443149,136.237715398795,57.5094639404256,34.5851214173132,223.004291401552,51.9403803835362,-20.7351432143431,Vaud,VD,22
2.17498441142812,-24.4102642214116,-54.5130387209105,-64.1177488677237,-33.3346888852109,83.7448608705937,9.18999901316266,-100.0,-100.0,-55.1284455081422,-40.015013414223,-56.061011530945,-3.04502981723035,-67.5497743427503,-100.0,-100.0,-94.3815274705481,-100.0,-64.5634911178141,182.653239795946,-100.0,-72.9639714250353,-53.1970637405092,-82.0342583008059,-47.9864688621606,-100.0,-54.4103239989699,125.505056523001,-38.3999845599127,-52.8635511305841,7.0743433850222,-41.6511467979297,33.0087777044876,-74.6882079412958,-27.9391662954431,-40.7341213508061,-72.628101429785,-82.7739192933819,-71.8738827792432,-100.0,-70.934536837753,24.546725778394,-13.2903123369521,-83.787218158477,-42.3126599592322,-55.076551732032,91.4528210625182,-25.3968234059244,-66.5918434780739,-52.8262005371851,-76.2626256291578,-100.0,-58.6321379765279,-25.3968234059244,-50.8259898771429,33.1841944565377,-100.0,-54.0637847823516,-70.1137876897227,-63.4917120942967,22.7463630122481,-26.1989232670775,-59.4945195664106,-48.8545232628244,-29.1269822356282,-65.4036872837794,-25.8241125482559,-93.1665134386969,-61.7692144317636,36.5847678052282,-30.4923118247842,7.72365963011918,-32.7325795087148,-20.7806587863309,111.00670966445,9.28677431903651,-66.4789780844187,-62.6422346121534,13.2203810758637,-100.0,-50.0782634262587,24.0277810876507,-35.6139934244436,-44.8297476316392,40.9406603268758,53.0361203107293,-47.2923416480216,-37.2150288890312,-65.627404779404,0.0224041029441402,0.563065746743829,-100.0,-64.4279786555495,-41.1208775495988,-50.7174379784169,-47.0343995355228,-89.8456787413619,-34.8294089523018,-16.9759388894141,-48.8139316146203,-100.0,26.3747405551026,-44.8765417388219,-45.4822940274063,-75.5610283571132,-26.3006714783536,-100.0,-59.3351537417539,-5.32230451324373,-33.1056716949054,-52.8694431866927,0,-4.45791471136748,3.35648423970893,-58.1204895028712,-88.2623551021151,5.10828905733114,-35.4021973501819,-100.0,0,-65.7516975300373,-62.1511466164446,-44.2571770392581,-4.92643958437923,-100.0,-67.640530005668,-29.3471987589768,-100.0,-75.3421497315109,-80.3325619682615,51.3954135342216,-100.0,5.87737409921405,-100.0,-38.2667152957395,-58.0582382795384,-74.1844676940073,-36.5699028853764,171.552185111637,170.316958780777,-30.6620332946848,-37.5839441478489,148.055562175301,-60.3111100519518,-100.0,-100.0,608.730177643718,-74.7250518889795,-16.5362326892897,-53.9724602988175,-32.329495808478,199.377402625364,-87.8404136188578,-62.5293712726131,11.5931192305341,-57.6796177880609,-63.3970226075038,-23.503931166441,-26.849308309856,-69.5164307154363,125.505056523001,-100.0,-100.0,9.75909830765551,-73.2265987938153,-74.834942967723,-100.0,-100.0,-100.0,-10.9675610720989,-72.7411470137031,148.331486048689,-76.5247102042301,-28.7983592784518,-100.0,8.85416957160836,-100.0,-53.1970637405092,-100.0,-61.3548591551128,-54.6159027537176,-81.2923494249069,-100.0,0,-79.7229785687765,-44.387356448321,-73.1066722891257,74.3093139610227,-45.9680953677561,-100.0,-100.0,-49.9080044072493,30.5555590396324,-71.0170319938501,-11.9220421620524,-24.6100128566786,-100.0,-100.0,-9.46877292872209,-5.30939685196399,Valais / Wallis,VS,23
-1.29015375483712,-26.0761070589169,-54.2753035615812,-55.8929225393555,142.163265256683,246.322237839135,185.34408524094,-100.0,122.635724325158,11.003227164946,132.769925147925,-54.8275341948954,29.3241790126896,-75.819606454493,-100.0,-100.0,-33.8144081139818,-100.0,13.9371059781692,63.1146395206601,679.225035138054,116.569355814936,-100.0,-66.1381774694276,-5.62841135328508,-100.0,-10.0484491866355,-100.0,-58.6380627010377,33.2641390259854,169.084904220335,-10.6445857971653,17.957966450097,-16.5116033780657,263.057921399518,-77.086296700045,-89.7534153368878,-67.5322902025811,23.4311445065524,-100.0,-43.5054716377391,-41.3135956799792,9.64316866101818,-87.7768621939129,-100.0,-53.3692104956755,190.360653493502,110.918054623834,-68.5161601964423,48.1885962227677,-32.8897098924164,-100.0,-67.7505748139843,-100.0,157.453205442088,307.916461347437,-100.0,-23.0395027024144,12.6590412247788,-70.411353437984,-3.39134964030656,8.7750683568349,-0.242908630268746,-11.6342743657877,33.5814345950949,-80.4378652266597,10.0066522843433,-74.24049470618,-27.9426311592768,16.2609288660684,-1.74395353775856,42.6750064337281,179.766585901202,-6.01306248548711,24.8609848589166,-71.2580929662193,-100.0,-43.6704793876106,-80.6002065940734,-100.0,19.1837933887363,133.767510541416,40.5159899429277,239.736823469359,-100.0,-33.2707842837578,-48.8628786154595,-88.8511492162159,-48.7115161629688,-100.0,-84.2048979363908,-100.0,-64.2420633971065,-21.9062382367137,-38.074831644658,-66.7234860439265,-75.3928936272194,-25.7880918916139,-32.9355502545118,144.899296757674,-100.0,-31.9454117783359,-100.0,105.509899377069,-7.87487269303798,183.373266442652,-100.0,-100.0,287.488130886535,-90.2064877348898,-28.3112967672991,0,86.7472266807319,-100.0,-69.6405830465693,-74.189707038014,18.8648358685167,-51.2984353038716,-100.0,0,-35.4488136572026,-56.0999980203913,40.0853995753804,-53.6175574322587,211.690014055221,-35.1969395971615,-51.575865242586,-100.0,-89.3186797954098,31.286675890455,31.700005938826,-100.0,-42.9835340142888,-100.0,90.3988773640493,-16.1082777905201,-72.683730738268,-53.381840934166,144.085744199461,59.8410328488315,61.2585033894199,-33.2959113889604,-100.0,-100.0,-100.0,-100.0,-100.0,-100.0,-36.0184340263293,98.2918578482522,-76.9053708362115,61.2189727871835,-31.24484984076,-71.7501497835147,-51.9244194259298,-81.1712483271906,-77.003574445415,42.1490580967059,48.8339313355483,-55.5565437001537,-100.0,-100.0,-100.0,-72.4168129154671,-24.3062567054238,-25.4654314215775,-100.0,-100.0,-100.0,-6.87078411203569,-100.0,-68.7963278476419,-55.7537834937383,-16.3825641251724,-100.0,294.793535089891,-100.0,-100.0,-100.0,-66.3823020792637,121.030178236275,-44.1376201061183,-100.0,0,-10.8243828997323,-2.4603879416168,-83.7263131035362,114.813388065085,-72.225642311911,-100.0,-100.0,-47.1285113476603,-100.0,-61.8824332398584,-51.64125625921,1.79941488762052,-100.0,180.521012649699,-65.8733561253407,-17.137624075299,Neuchâtel,NE,24
-21.3305037781303,27.4141201664349,417.32056279294,149.57709016322,330.621270045963,536.247512200608,143.090191807027,692.862284434604,799.835767255146,218.5193876794,391.168598678905,541.780099263222,255.349783122023,266.882730339225,663.49701464073,483.426964017916,169.450461140903,804.141201548233,161.289209422216,202.590398410932,43.1556902451369,569.360121146199,742.727836914768,970.001765474257,-49.6027358459998,1281.03136471779,223.029861923207,1149.35875123029,44.7776622128375,707.928551122198,573.55267208863,174.778108180022,90.1591595763417,123.498169464346,415.360484882493,45.5820578764104,-72.868637652308,43.1556902451369,42.453115356474,812.617525312748,344.72093593546,590.022406537229,-3.25761882066374,196.416488036989,818.859779247855,107.857553395301,321.636988824467,752.475990031191,229.69189268577,425.433563562182,301.579598609735,-100.0,103.690310681459,281.030934938184,403.252162183345,176.703616044291,804.141201548233,606.941680222898,569.209732712206,136.650925429888,191.449105099398,29.3487962621034,128.89949687792,173.661393134297,79.9671534510292,282.147825842667,14.3658485034767,165.015492685212,310.995368768296,220.383960406523,393.398245888668,35.0905809355517,266.51963365317,291.626943887038,58.0234919026437,417.472618017257,689.290832702917,358.443162254908,327.685049695015,-100.0,402.06928573451,758.934141470821,151.109161577535,270.989551086888,622.285528055009,207.666096714686,-10.6018638860635,-81.0393689772409,159.862292223274,731.22658852015,137.947971623673,1020.34888017933,42.8819699961022,233.002159462534,184.415278632722,307.56068397192,-72.875763953553,70.1883739531677,46.6759121364107,611.688288647252,1328.10736774667,145.052535266785,510.797611712584,730.617631312443,289.270645395643,316.253571794258,1617.86828294164,688.529703645344,312.138519353502,-79.2889824999122,182.30302116341,0,238.182343860124,472.622760980547,384.126516101736,-62.7433929172751,380.420790992154,320.51984009509,1053.79213033394,0,357.420548712272,226.6369270382,627.0378875371,38.5833540294095,687.356296348253,266.964117513828,191.797409013391,1054.63278033783,-67.8930438793991,234.833923665533,303.255465479259,-100.0,318.992264132108,708.408603737244,424.688276464076,485.663859056709,424.111356727311,-1.71572183073507,136.581484818855,513.000006947125,85.6168263219331,306.963219039288,1274.29462635331,1040.66453987325,-100.0,506.306452802933,22.7048773529745,797.69245062016,99.5013385713772,591.017924284677,-68.5644086309865,255.421024056892,388.413531424585,564.311601862629,206.91991173379,-58.7419787065345,-61.0018550978061,83.302291085564,212.76077393659,-50.8240257313847,108.226458538381,227.213006274599,1617.86828294164,46.9562837914679,146.601707103333,447.726119198785,1253.47198049948,114.733535367705,1433.81096691218,4.91537948999976,994.905059457311,96.8191692358055,745.386284349831,13.2222747754648,1617.86828294164,330.609270391622,636.229264117847,483.426964017916,468.217970511466,-12.6197491233412,263.395213699194,-44.0572836848882,249.936131710335,0,798.721281538952,135.628515844868,-28.2465287809825,443.217808389655,325.214921520208,1617.86828294164,1617.86828294164,217.764003872081,623.312961238586,271.281497305038,192.810044204893,85.4627586029081,-100.0,621.50467883549,184.221516399104,19.4427844990099,Genève,GE,25
13.6399826739867,-9.54931988639021,-58.0396500410947,-42.4342704127722,34.1747032157715,-100.0,66.8442324587961,-100.0,-100.0,-67.6619876894813,-67.4503876089288,-100.0,-38.0813597118739,-65.1926110268892,-100.0,-100.0,-48.1712853659728,-100.0,-100.0,56.6558683156717,-100.0,-37.6501975179209,-100.0,-88.1622465023678,-72.7462671864888,-100.0,-56.5546475287523,-100.0,-66.2606570923842,63.0573219305679,64.6214209418923,-66.3593391488929,-62.4944933380645,-100.0,53.4014134810483,-90.6545323622941,-92.7325159306625,217.81079876282,-69.0203046052828,257.537148608172,-95.8106229383151,-100.0,17.3573263331732,-100.0,-100.0,-90.9911899563295,83.661922446784,158.071926814921,-61.47747893784,-27.4726544820189,-84.359277162732,-100.0,-85.0154691930566,-56.9880121975131,114.207278461284,-23.2134982854932,-100.0,64.7907845436844,37.8456476561629,-92.4224962249501,-68.8929071357762,-37.0831413616753,-60.1439102792545,-83.1499429227371,-100.0,-92.0214862235275,-33.6082065983092,-100.0,-75.3952929990075,-100.0,-100.0,61.1435035980495,107.695268756697,-0.497217838159048,-88.6832949995435,-53.1098821497479,-100.0,-44.8617409375349,-52.5261877366742,-100.0,-69.2991357187974,-100.0,228.230824951765,1.00879716196924,30.0135085847899,-94.7324177000638,-42.0870038388769,-71.5480572594553,-60.365396921034,-100.0,-100.0,-100.0,-72.6549025921092,-59.767248332443,-100.0,-86.4280085937586,-100.0,-74.9508730039157,-84.3699607165826,136.088021938095,-100.0,-91.6730795083977,-100.0,-16.1817673592563,-100.0,51.0786842131456,-100.0,87.5604714010085,286.77955443763,-78.8744187267267,-61.8627041484616,0,161.139828940634,-100.0,-25.7065665229772,-63.9079219070615,-100.0,-100.0,-100.0,0,12.832236247155,-86.5713747001625,-100.0,-80.6212927583647,-100.0,-48.6942208275268,-82.2249786295264,-100.0,-91.9359709829048,-62.2028782442632,-100.0,-100.0,39.5266921397746,-100.0,-74.1149575668292,-56.5724374361364,-83.2883859697477,-80.2198811320021,-23.0050780269083,-51.1060309595662,-33.606505791764,-60.6755509702036,-100.0,-100.0,-100.0,-100.0,-100.0,-100.0,-88.5085360899319,59.2213146883312,-69.4944448002008,-100.0,-100.0,-100.0,-85.2941018567333,-88.2714620651343,-84.8489744063128,-46.9931894925773,59.3879017479335,-57.4062080524619,-100.0,-100.0,-100.0,-100.0,-93.8255862086015,-17.0928351053513,-100.0,-100.0,-100.0,4.2746696683047,25.7273489611156,-100.0,-63.9079219070615,-52.0020785264366,-100.0,21.7147739942714,-100.0,-100.0,-100.0,-78.6715522534672,-25.1311099068357,-70.4114312327153,-100.0,0,-100.0,-50.1240409227896,-86.9430085529683,-69.0778682284824,-9.37672272901771,-100.0,-100.0,-53.791644767926,-100.0,-85.146714499323,-86.0292911332534,-84.4302262343459,-100.0,-100.0,-100.0,-84.4019239871009,Jura,JU,26
