Bezirk_ID,1981,1982,1983,1984,1985,1986,1987,1988,1989,1990,1991,1992,1993,1994,1995,1996,1997,1998,1999,2000,2001,2002,2003,2004,2005,2006,2007,2008,2009,2010,2011,2012,2013,2014,2015,Kanton_ABK,Bezirk_Name,Kanton_ID,Kanton_Name
101,29374.0,30248.0,30869.0,31644.0,32253.0,32512.0,32832.0,33438.0,34062.0,34640.0,34933.0,35534.0,36356.0,37051.0,37845.0,38623.0,39263.0,39545.0,39980.0,40787.0,41412.0,42358.0,42803.0,43004.0,43493.0,44064.0,44635.0,45277.0,46117.0,47063.0,48096.0,48958.0,49446.0,49965.0,50591.0,ZH,Affoltern,1,Zürich
102,21095.0,21227.0,21307.0,21444.0,21644.0,21831.0,22000.0,22269.0,22576.0,22887.0,22849.0,23101.0,23500.0,23931.0,24231.0,24566.0,24766.0,25116.0,25334.0,25869.0,26203.0,26465.0,26822.0,27240.0,27682.0,27833.0,28027.0,28450.0,28832.0,29247.0,29511.0,29847.0,30038.0,30346.0,30654.0,ZH,Andelfingen,1,Zürich
103,90817.0,92468.0,93132.0,93484.0,94446.0,95943.0,96900.0,97919.0,98609.0,99204.0,98710.0,99854.0,100357.0,100956.0,102147.0,102752.0,103511.0,104366.0,105382.0,106719.0,108390.0,110631.0,113452.0,115281.0,116732.0,118499.0,120585.0,123307.0,126871.0,129497.0,131879.0,134013.0,135985.0,138316.0,141242.0,ZH,Bülach,1,Zürich
104,50024.0,50666.0,51888.0,52943.0,53584.0,54000.0,54516.0,55303.0,56260.0,57346.0,57736.0,58502.0,59107.0,60001.0,60915.0,61874.0,62786.0,63344.0,64494.0,66199.0,67808.0,69066.0,69916.0,70644.0,72017.0,73120.0,73845.0,75196.0,77186.0,78628.0,80090.0,81432.0,82657.0,84164.0,85790.0,ZH,Dielsdorf,1,Zürich
105,62784.0,63652.0,64643.0,65604.0,66329.0,66954.0,67478.0,68215.0,68985.0,69692.0,70263.0,71095.0,71754.0,72354.0,72817.0,73463.0,74006.0,74516.0,75073.0,75791.0,76387.0,77657.0,78940.0,79677.0,80228.0,80809.0,81715.0,83162.0,84745.0,86111.0,87822.0,89455.0,90740.0,91500.0,92462.0,ZH,Hinwil,1,Zürich
106,101606.0,101982.0,102193.0,102073.0,102099.0,102295.0,102323.0,102886.0,103172.0,103184.0,102388.0,102684.0,102865.0,103134.0,103415.0,103282.0,103344.0,103454.0,104125.0,104813.0,105597.0,106884.0,107750.0,108055.0,108521.0,109205.0,109670.0,110840.0,112440.0,113383.0,115301.0,117410.0,118718.0,120048.0,121220.0,ZH,Horgen,1,Zürich
107,79410.0,79892.0,80102.0,80444.0,80486.0,80301.0,80356.0,80587.0,80785.0,81089.0,79255.0,79793.0,79952.0,80027.0,80587.0,81006.0,81674.0,82267.0,82900.0,84476.0,85829.0,87479.0,89263.0,90449.0,91121.0,91743.0,92508.0,93977.0,95103.0,96033.0,97034.0,97649.0,98090.0,98852.0,99946.0,ZH,Meilen,1,Zürich
108,40182.0,40780.0,41540.0,41858.0,42281.0,42579.0,43209.0,43891.0,44120.0,44828.0,45436.0,45883.0,46360.0,46794.0,47114.0,47620.0,48129.0,48433.0,48645.0,49256.0,49641.0,50405.0,51085.0,51398.0,51859.0,52234.0,52721.0,53308.0,53961.0,54779.0,55768.0,56448.0,57336.0,57877.0,58397.0,ZH,Pfäffikon,1,Zürich
109,87501.0,88449.0,89197.0,89846.0,90396.0,91218.0,92206.0,93167.0,94247.0,94796.0,94625.0,95126.0,95434.0,96679.0,97036.0,98424.0,99413.0,100657.0,102122.0,103534.0,104941.0,106645.0,107829.0,108113.0,109540.0,110783.0,111722.0,113802.0,116642.0,118689.0,120607.0,121782.0,122862.0,124494.0,126004.0,ZH,Uster,1,Zürich
110,120727.0,120882.0,121163.0,120653.0,120885.0,121081.0,121984.0,123221.0,123983.0,124499.0,125567.0,127011.0,127368.0,128344.0,129504.0,130380.0,130975.0,131421.0,132282.0,133245.0,134508.0,136139.0,137639.0,139220.0,141138.0,142012.0,143388.0,145893.0,148475.0,150416.0,153556.0,156221.0,158156.0,160041.0,161863.0,ZH,Winterthur,1,Zürich
111,67192.0,67554.0,68176.0,68032.0,67920.0,67989.0,68131.0,68791.0,69536.0,69873.0,69553.0,69868.0,69789.0,69767.0,70084.0,69598.0,69731.0,69901.0,70451.0,71058.0,71921.0,73005.0,73697.0,73959.0,74243.0,74771.0,75111.0,75815.0,77223.0,78774.0,80547.0,82191.0,83770.0,85149.0,86826.0,ZH,Dietikon,1,Zürich
112,370103.0,366040.0,363449.0,356665.0,354525.0,351545.0,349549.0,346879.0,345159.0,342861.0,341934.0,343267.0,345235.0,343045.0,342872.0,343869.0,341250.0,338594.0,336821.0,336822.0,337035.0,340197.0,342116.0,342853.0,345236.0,347517.0,350125.0,358540.0,365132.0,368677.0,372857.0,376990.0,380777.0,384786.0,391359.0,ZH,Zürich,1,Zürich
241,51409.0,51448.0,51085.0,50586.0,50265.0,50167.0,50301.0,50115.0,50166.0,50226.0,50405.0,51050.0,51269.0,51442.0,51467.0,51420.0,51309.0,51211.0,51169.0,50966.0,50980.0,51128.0,51135.0,51405.0,51446.0,51450.0,51374.0,51356.0,51548.0,51539.0,51668.0,51796.0,52251.0,52775.0,53318.0,BE,Jura bernois,2,Bern
242,91303.0,91703.0,91315.0,90775.0,90317.0,89757.0,89341.0,89083.0,89647.0,90836.0,90031.0,90962.0,91214.0,91678.0,90620.0,90253.0,89845.0,89274.0,88755.0,88383.0,87654.0,88109.0,88599.0,88936.0,89298.0,89813.0,90251.0,90666.0,91655.0,92457.0,93859.0,94577.0,95718.0,96842.0,97928.0,BE,Biel/Bienne,2,Bern
243,52590.0,53128.0,53438.0,53929.0,54431.0,55073.0,55831.0,56670.0,57605.0,58476.0,58572.0,59457.0,59907.0,60360.0,60929.0,61361.0,61919.0,62020.0,62874.0,63277.0,63844.0,64149.0,64599.0,65007.0,65512.0,65792.0,66182.0,66668.0,67209.0,67812.0,68288.0,68962.0,69501.0,70383.0,71126.0,BE,Seeland,2,Bern
244,68381.0,68790.0,69454.0,69731.0,69701.0,69990.0,70236.0,70670.0,71126.0,71567.0,72831.0,73584.0,74365.0,74802.0,75160.0,75443.0,75602.0,75018.0,75211.0,75789.0,75211.0,75527.0,75695.0,75628.0,75851.0,75736.0,75960.0,76154.0,76485.0,76957.0,77181.0,77611.0,77964.0,78508.0,79196.0,BE,Oberaargau,2,Bern
245,85591.0,86021.0,86471.0,86727.0,86928.0,87265.0,87579.0,87822.0,88127.0,88527.0,89449.0,89931.0,90651.0,90906.0,90999.0,91065.0,90893.0,91067.0,91675.0,91314.0,91324.0,91434.0,91722.0,91532.0,91647.0,91986.0,92083.0,92469.0,93082.0,93274.0,93677.0,94137.0,94525.0,95100.0,95573.0,BE,Emmental,2,Bern
246,374799.0,375826.0,377114.0,377661.0,378180.0,377549.0,377746.0,378508.0,378800.0,379121.0,377898.0,378972.0,378325.0,377736.0,377122.0,375980.0,374649.0,373258.0,373961.0,375627.0,376412.0,377185.0,378206.0,378746.0,379775.0,379669.0,380451.0,381929.0,384275.0,386217.0,388546.0,390906.0,395006.0,399002.0,402520.0,BE,Bern-Mittelland,2,Bern
247,85335.0,85885.0,86469.0,87387.0,87912.0,88586.0,89167.0,89887.0,90475.0,91147.0,92945.0,93912.0,94223.0,94702.0,95146.0,95746.0,96171.0,96444.0,96935.0,97436.0,97845.0,98341.0,99107.0,99911.0,100360.0,100947.0,101424.0,102315.0,103233.0,103540.0,104092.0,104647.0,104960.0,105564.0,106238.0,BE,Thun,2,Bern
248,14424.0,14521.0,14749.0,14910.0,15072.0,15148.0,15216.0,15239.0,15327.0,15395.0,15934.0,16182.0,16477.0,16773.0,16961.0,17081.0,17069.0,17087.0,16809.0,16673.0,16781.0,16524.0,16458.0,16442.0,16580.0,16579.0,16551.0,16645.0,16784.0,16951.0,16810.0,16826.0,16697.0,16754.0,16777.0,BE,Obersimmental-Saanen,2,Bern
249,32662.0,32725.0,33099.0,33137.0,33431.0,33818.0,34150.0,34486.0,34779.0,35130.0,36034.0,36493.0,37007.0,37429.0,37545.0,37616.0,37582.0,37638.0,38116.0,38142.0,38330.0,38377.0,38447.0,38639.0,38907.0,39030.0,38737.0,38781.0,38871.0,39033.0,39171.0,39103.0,39347.0,39491.0,39587.0,BE,Frutigen-Niedersimmental,2,Bern
250,40802.0,40940.0,41226.0,41227.0,41314.0,41446.0,41699.0,42036.0,42149.0,42459.0,43398.0,44096.0,44614.0,45247.0,45724.0,45914.0,45889.0,45630.0,45639.0,45820.0,45643.0,45536.0,45622.0,45711.0,46002.0,46062.0,45884.0,45999.0,46157.0,46455.0,46510.0,46481.0,46648.0,46862.0,47155.0,BE,Interlaken-Oberhasli,2,Bern
311,77812.0,77433.0,77369.0,76910.0,76269.0,75800.0,75163.0,74884.0,74906.0,74581.0,73313.0,74094.0,75055.0,75442.0,74951.0,74392.0,73893.0,73346.0,72771.0,72616.0,72446.0,73233.0,73422.0,73398.0,73525.0,73693.0,74236.0,74992.0,76156.0,76733.0,77491.0,78093.0,79478.0,80501.0,81057.0,LU,Luzern-Stadt,3,Luzern
312,66399.0,67304.0,68123.0,68928.0,69872.0,70724.0,72036.0,73296.0,74466.0,75679.0,77837.0,78915.0,80267.0,81190.0,82102.0,82835.0,83232.0,83802.0,84058.0,84976.0,85846.0,87185.0,88151.0,88496.0,88988.0,89482.0,90035.0,91315.0,92697.0,94227.0,95438.0,96625.0,97232.0,97958.0,98681.0,LU,Luzern-Land,3,Luzern
313,47328.0,48047.0,48611.0,49038.0,49759.0,50253.0,50811.0,51527.0,52142.0,52901.0,54007.0,54883.0,55850.0,56910.0,57709.0,58763.0,59420.0,59490.0,59581.0,59970.0,60168.0,60778.0,61184.0,61743.0,62192.0,62671.0,63209.0,64108.0,65001.0,65486.0,66081.0,67073.0,67818.0,68692.0,69693.0,LU,Hochdorf,3,Luzern
314,43382.0,44083.0,44598.0,45120.0,45678.0,46193.0,46967.0,47713.0,48510.0,49465.0,51692.0,52777.0,53798.0,54294.0,54899.0,55628.0,56115.0,56860.0,57431.0,58181.0,58574.0,59267.0,59682.0,60152.0,60654.0,61284.0,62124.0,63171.0,64193.0,65266.0,66624.0,67459.0,68230.0,69213.0,70296.0,LU,Sursee,3,Luzern
315,38901.0,39046.0,39503.0,39822.0,40075.0,40433.0,40708.0,40992.0,41360.0,41705.0,42956.0,43738.0,44646.0,45048.0,45623.0,46191.0,46343.0,46592.0,46623.0,46753.0,46734.0,46892.0,46835.0,46829.0,46786.0,46780.0,47033.0,47436.0,48199.0,48643.0,49174.0,49880.0,50432.0,51009.0,51725.0,LU,Willisau,3,Luzern
316,20599.0,20465.0,20393.0,20419.0,20592.0,20498.0,20447.0,20329.0,20377.0,20506.0,21619.0,21876.0,22214.0,22501.0,22657.0,22727.0,22806.0,22826.0,22790.0,22861.0,22705.0,22662.0,22615.0,22557.0,22586.0,22474.0,22473.0,22453.0,22496.0,22609.0,22802.0,22836.0,22892.0,22976.0,23152.0,LU,Entlebuch,3,Luzern
400,33523.0,33471.0,33595.0,33552.0,33589.0,33517.0,33456.0,33435.0,33544.0,33511.0,35029.0,35363.0,35544.0,35727.0,35933.0,35876.0,35861.0,35769.0,35612.0,35487.0,35190.0,34992.0,35209.0,35118.0,35083.0,35087.0,34948.0,34989.0,35162.0,35335.0,35422.0,35382.0,35693.0,35865.0,36008.0,UR,Kt. Uri,4,Uri
501,9656.0,9682.0,9684.0,9728.0,9804.0,9839.0,9973.0,10074.0,10207.0,10372.0,10781.0,10957.0,11183.0,11344.0,11496.0,11691.0,11847.0,11995.0,12240.0,12347.0,12489.0,12729.0,12855.0,13014.0,13067.0,13370.0,13549.0,13771.0,14022.0,14178.0,14385.0,14438.0,14632.0,14878.0,14949.0,SZ,Einsiedeln,5,Schwyz
502,1701.0,1681.0,1697.0,1695.0,1708.0,1712.0,1709.0,1710.0,1701.0,1720.0,1853.0,1895.0,1924.0,1967.0,1946.0,1955.0,1951.0,1972.0,1980.0,1962.0,1926.0,1912.0,1913.0,1923.0,1941.0,1972.0,1960.0,1970.0,2027.0,2040.0,2094.0,2108.0,2118.0,2169.0,2213.0,SZ,Gersau,5,Schwyz
503,16411.0,16613.0,16955.0,17396.0,17666.0,17996.0,18291.0,18576.0,18683.0,18838.0,19271.0,19593.0,20022.0,20249.0,20602.0,20931.0,21393.0,21761.0,22209.0,22747.0,23045.0,23933.0,24496.0,24946.0,25394.0,25917.0,26251.0,26833.0,27300.0,27153.0,27336.0,27550.0,27754.0,27884.0,28028.0,SZ,Höfe,5,Schwyz
504,7956.0,8078.0,8195.0,8272.0,8349.0,8445.0,8566.0,8710.0,8886.0,8999.0,9351.0,9664.0,9818.0,10079.0,10286.0,10475.0,10544.0,10593.0,10648.0,10834.0,10847.0,11101.0,11258.0,11531.0,11585.0,11636.0,11682.0,11810.0,11987.0,12139.0,12224.0,12238.0,12401.0,12426.0,12395.0,SZ,Küssnacht (SZ),5,Schwyz
505,23149.0,23493.0,23817.0,24220.0,24742.0,25239.0,25724.0,26068.0,26834.0,27500.0,28050.0,28866.0,29592.0,30264.0,30832.0,31314.0,31790.0,32125.0,32491.0,32942.0,33103.0,33816.0,34363.0,34699.0,34893.0,35267.0,35715.0,36418.0,37624.0,38110.0,38983.0,39473.0,40221.0,40908.0,41575.0,SZ,March,5,Schwyz
506,37724.0,37972.0,38218.0,38523.0,38606.0,38832.0,39095.0,39496.0,40098.0,40634.0,41769.0,42578.0,43551.0,44625.0,45414.0,46043.0,46263.0,46703.0,46911.0,47416.0,47445.0,47773.0,48342.0,48790.0,49109.0,49360.0,49675.0,50222.0,50759.0,51066.0,51708.0,52097.0,52704.0,53131.0,53599.0,SZ,Schwyz,5,Schwyz
600,25731.0,26191.0,26569.0,26813.0,27046.0,27330.0,27594.0,27749.0,27896.0,28323.0,29017.0,29712.0,30247.0,30837.0,30958.0,31310.0,31440.0,31831.0,31989.0,32225.0,32356.0,32678.0,32961.0,33142.0,33162.0,33269.0,33755.0,33997.0,34429.0,35032.0,35585.0,35885.0,36115.0,36507.0,36834.0,OW,Kt. Obwalden,6,Obwalden
700,28321.0,28888.0,29278.0,29765.0,30153.0,30601.0,31041.0,31347.0,31619.0,32030.0,33678.0,34344.0,34866.0,35393.0,35983.0,36466.0,36794.0,37232.0,37320.0,37657.0,37810.0,38389.0,38736.0,39070.0,39497.0,39803.0,40012.0,40287.0,40737.0,40794.0,41024.0,41311.0,41584.0,41888.0,42080.0,NW,Kt. Nidwalden,7,Nidwalden
800,36138.0,36249.0,36196.0,36240.0,36423.0,36419.0,36580.0,36674.0,36953.0,37253.0,38200.0,38720.0,38976.0,39138.0,39388.0,39410.0,39161.0,38735.0,38698.0,38708.0,38196.0,38216.0,38322.0,38502.0,38317.0,38173.0,38084.0,38237.0,38370.0,38479.0,38608.0,39217.0,39369.0,39593.0,39794.0,GL,Kt. Glarus,8,Glarus
900,75677.0,76348.0,77184.0,77864.0,78978.0,80273.0,81634.0,82790.0,83419.0,84009.0,84412.0,85882.0,87065.0,88583.0,90412.0,92392.0,93737.0,95098.0,96517.0,97758.0,99714.0,101022.0,102407.0,103642.0,105244.0,106496.0,107171.0,109141.0,110384.0,110890.0,113105.0,115104.0,116575.0,118118.0,120089.0,ZG,Kt. Zug,9,Zug
1001,15706.0,15948.0,16328.0,16445.0,16522.0,16620.0,17005.0,17301.0,17691.0,17997.0,18420.0,18802.0,19247.0,19662.0,19934.0,20048.0,20407.0,20605.0,20844.0,21001.0,21200.0,21576.0,22024.0,22339.0,22689.0,23119.0,23751.0,24379.0,25113.0,25832.0,26525.0,27544.0,28448.0,29246.0,30035.0,FR,La Broye,10,Fribourg
1002,13786.0,13816.0,13916.0,14046.0,14191.0,14362.0,14458.0,14643.0,14973.0,15437.0,15993.0,16258.0,16544.0,16910.0,17158.0,17218.0,17437.0,17462.0,17566.0,17607.0,17681.0,17795.0,18051.0,18388.0,18583.0,18882.0,19043.0,19415.0,19880.0,20249.0,20708.0,21097.0,21790.0,22445.0,22917.0,FR,La Glâne,10,Fribourg
1003,27790.0,28125.0,28644.0,28908.0,29205.0,29679.0,30024.0,30222.0,30514.0,31206.0,32243.0,32944.0,33561.0,34480.0,35071.0,35475.0,36165.0,36633.0,37085.0,37483.0,37762.0,38440.0,39218.0,40001.0,40846.0,41514.0,42108.0,43267.0,44217.0,45194.0,46415.0,47594.0,49022.0,50325.0,51580.0,FR,La Gruyère,10,Fribourg
1004,69266.0,69504.0,69622.0,69612.0,69842.0,70543.0,71125.0,72008.0,73084.0,74418.0,73187.0,74819.0,75996.0,76914.0,77564.0,77973.0,78634.0,78996.0,79502.0,80037.0,81247.0,82332.0,83240.0,84144.0,85254.0,86453.0,88161.0,89977.0,91677.0,93122.0,94849.0,96979.0,99245.0,101477.0,103330.0,FR,La Sarine,10,Fribourg
1005,19754.0,19994.0,20125.0,20377.0,20529.0,20650.0,21025.0,21464.0,21774.0,22310.0,22741.0,23206.0,23596.0,24113.0,24716.0,25408.0,26007.0,26680.0,27071.0,27542.0,28176.0,28826.0,29177.0,29574.0,30074.0,30406.0,31017.0,31497.0,31982.0,32429.0,32911.0,33419.0,33924.0,34359.0,34901.0,FR,See / Lac,10,Fribourg
1006,29538.0,29789.0,30158.0,30452.0,30973.0,31302.0,31548.0,31910.0,32281.0,32833.0,33663.0,33995.0,34489.0,35181.0,36066.0,36690.0,37271.0,37491.0,37839.0,38273.0,38257.0,38497.0,38692.0,38969.0,39292.0,39523.0,39727.0,39917.0,40329.0,40686.0,41113.0,41533.0,42014.0,42405.0,42950.0,FR,Sense,10,Fribourg
1007,8657.0,8725.0,8804.0,9042.0,9132.0,9284.0,9460.0,9627.0,9849.0,10127.0,10427.0,10759.0,11122.0,11444.0,11718.0,11740.0,11945.0,12080.0,12179.0,12364.0,12721.0,12873.0,12998.0,13241.0,13639.0,14057.0,14445.0,14789.0,15339.0,15647.0,15972.0,16502.0,16952.0,17365.0,17664.0,FR,La Veveyse,10,Fribourg
1101,12624.0,12768.0,12756.0,12845.0,12962.0,13086.0,13369.0,13504.0,13487.0,13715.0,14314.0,14452.0,14679.0,14921.0,15253.0,15480.0,15702.0,15897.0,16144.0,16340.0,16451.0,16537.0,16618.0,16694.0,16848.0,16923.0,17076.0,17282.0,17545.0,17787.0,18135.0,18467.0,19054.0,19448.0,19960.0,SO,Gäu,11,Solothurn
1102,12686.0,12732.0,12794.0,12799.0,12778.0,12774.0,12745.0,12791.0,12952.0,13053.0,13702.0,13979.0,14074.0,14309.0,14355.0,14391.0,14429.0,14345.0,14201.0,14204.0,14160.0,14166.0,14160.0,14181.0,14135.0,14168.0,14149.0,14213.0,14230.0,14108.0,14216.0,14160.0,14220.0,14211.0,14281.0,SO,Thal,11,Solothurn
1103,5722.0,5761.0,5748.0,5801.0,5840.0,5860.0,5895.0,5902.0,5896.0,6034.0,6304.0,6364.0,6497.0,6572.0,6605.0,6663.0,6836.0,6967.0,7083.0,7088.0,7159.0,7204.0,7226.0,7193.0,7278.0,7385.0,7446.0,7522.0,7589.0,7571.0,7543.0,7542.0,7560.0,7543.0,7630.0,SO,Bucheggberg,11,Solothurn
1104,13245.0,13538.0,13650.0,13908.0,14106.0,14368.0,14678.0,14970.0,15191.0,15340.0,15538.0,15741.0,15992.0,16146.0,16351.0,16684.0,17067.0,17351.0,17663.0,17897.0,17943.0,18311.0,18455.0,18694.0,18853.0,18941.0,19008.0,19018.0,19138.0,19210.0,19517.0,19632.0,19789.0,19978.0,20179.0,SO,Dorneck,11,Solothurn
1105,20314.0,20629.0,20535.0,20581.0,20546.0,20399.0,20487.0,20548.0,20599.0,20548.0,20911.0,21234.0,21446.0,21527.0,21703.0,21808.0,21937.0,22031.0,22127.0,22174.0,22230.0,22329.0,22404.0,22349.0,22440.0,22264.0,22313.0,22311.0,22553.0,22812.0,23155.0,23270.0,23433.0,23685.0,23861.0,SO,Gösgen,11,Solothurn
1106,39936.0,40275.0,40453.0,40378.0,40576.0,40648.0,40918.0,41055.0,41356.0,41856.0,43352.0,44047.0,44486.0,44689.0,44930.0,45438.0,45886.0,45959.0,46520.0,46581.0,46286.0,46819.0,47017.0,47317.0,47305.0,47404.0,47343.0,47559.0,47748.0,47886.0,48237.0,48499.0,48962.0,49301.0,49714.0,SO,Wasseramt,11,Solothurn
1107,39338.0,39499.0,39331.0,38942.0,38800.0,38742.0,38687.0,38850.0,38828.0,39144.0,40499.0,41063.0,41206.0,41385.0,41324.0,41485.0,41727.0,41916.0,42079.0,42060.0,42109.0,42202.0,42393.0,42384.0,42411.0,42336.0,42446.0,42580.0,42869.0,42890.0,43228.0,43475.0,43766.0,44165.0,44431.0,SO,Lebern,11,Solothurn
1108,45814.0,45816.0,45856.0,45769.0,45748.0,45833.0,45666.0,45589.0,46096.0,46644.0,47116.0,48060.0,48356.0,48555.0,48571.0,49031.0,48930.0,48702.0,48931.0,48935.0,48799.0,49050.0,49247.0,49415.0,49450.0,49725.0,49976.0,50657.0,50822.0,50803.0,51240.0,51717.0,52052.0,52439.0,52906.0,SO,Olten,11,Solothurn
1109,15753.0,15597.0,15576.0,15503.0,15385.0,15434.0,15499.0,15437.0,15447.0,15429.0,15101.0,15275.0,15592.0,15642.0,15512.0,15353.0,15199.0,15208.0,15321.0,15213.0,15041.0,15108.0,15183.0,15014.0,14980.0,15079.0,15184.0,15364.0,15623.0,15881.0,16066.0,16301.0,16465.0,16599.0,16545.0,SO,Solothurn,11,Solothurn
1110,11131.0,11169.0,11243.0,11278.0,11407.0,11518.0,11514.0,11606.0,11612.0,11771.0,12249.0,12385.0,12550.0,12643.0,12734.0,12931.0,13064.0,13183.0,13381.0,13416.0,13490.0,13538.0,13577.0,13566.0,13679.0,13712.0,13672.0,13734.0,13713.0,13800.0,13947.0,13927.0,13982.0,14068.0,14212.0,SO,Thierstein,11,Solothurn
1200,203598.0,202121.0,201139.0,199203.0,197470.0,195858.0,194340.0,192559.0,190854.0,190347.0,193828.0,195647.0,196634.0,197403.0,197054.0,195759.0,194913.0,193053.0,190505.0,188458.0,187422.0,186469.0,186719.0,186653.0,186753.0,185601.0,184822.0,185227.0,186672.0,187898.0,184950.0,186255.0,187425.0,189335.0,190580.0,BS,Kt. Basel-Stadt,12,Basel-Stadt
1301,134038.0,134344.0,135065.0,135562.0,136185.0,137141.0,137321.0,138011.0,138230.0,138382.0,139142.0,139158.0,139168.0,139550.0,139323.0,139219.0,139941.0,140556.0,141005.0,141700.0,141554.0,142187.0,143528.0,144057.0,144299.0,144594.0,145316.0,146394.0,147550.0,148401.0,148996.0,149731.0,150386.0,151376.0,152563.0,BL,Arlesheim,13,Baselland
1302,13650.0,13697.0,13835.0,13844.0,13863.0,13998.0,14125.0,14167.0,14302.0,14414.0,14860.0,15061.0,15337.0,15470.0,15899.0,16265.0,16435.0,16626.0,16821.0,17178.0,17371.0,17576.0,17757.0,17982.0,18110.0,18174.0,18260.0,18531.0,18675.0,18794.0,18901.0,19012.0,19057.0,19220.0,19468.0,BL,Laufen,13,Baselland
1303,48349.0,48675.0,48667.0,48969.0,49297.0,49386.0,49660.0,49812.0,50179.0,50450.0,50649.0,51021.0,51441.0,51875.0,52203.0,52462.0,52878.0,53181.0,53530.0,53891.0,54391.0,54723.0,54819.0,55191.0,55432.0,55664.0,55824.0,56185.0,56492.0,56776.0,57229.0,57181.0,57547.0,58061.0,58648.0,BL,Liestal,13,Baselland
1304,24435.0,24718.0,24964.0,25156.0,25526.0,25889.0,26204.0,26553.0,26726.0,27023.0,27975.0,28461.0,28678.0,29306.0,29545.0,29969.0,30050.0,30315.0,30520.0,30849.0,31168.0,31387.0,31562.0,31878.0,32026.0,32235.0,32300.0,32558.0,33036.0,33351.0,33688.0,33882.0,33991.0,34353.0,34755.0,BL,Sissach,13,Baselland
1305,12153.0,12316.0,12471.0,12468.0,12484.0,12556.0,12651.0,12750.0,13016.0,13175.0,13537.0,13693.0,13864.0,14179.0,14289.0,14416.0,14607.0,14627.0,14885.0,14984.0,15150.0,15210.0,15283.0,15294.0,15438.0,15422.0,15466.0,15477.0,15461.0,15493.0,15590.0,15554.0,15556.0,15646.0,15867.0,BL,Waldenburg,13,Baselland
1401,2758.0,2808.0,2840.0,2897.0,2915.0,2986.0,3004.0,3082.0,3122.0,3229.0,3331.0,3448.0,3468.0,3535.0,3582.0,3645.0,3688.0,3696.0,3727.0,3740.0,3698.0,3700.0,3661.0,3718.0,3705.0,3707.0,3697.0,3756.0,3823.0,3890.0,4045.0,4110.0,4152.0,4185.0,4215.0,SH,Oberklettgau,14,Schaffhausen
1402,6007.0,6091.0,6153.0,6226.0,6258.0,6327.0,6385.0,6427.0,6495.0,6525.0,6783.0,6816.0,6880.0,7004.0,7043.0,7032.0,7133.0,7202.0,7375.0,7431.0,7428.0,7492.0,7512.0,7497.0,7529.0,7588.0,7629.0,7794.0,7796.0,7897.0,7946.0,8170.0,8267.0,8475.0,8616.0,SH,Reiat,14,Schaffhausen
1403,49730.0,50094.0,50095.0,49931.0,49817.0,49600.0,49579.0,49600.0,49553.0,49833.0,49812.0,50208.0,50404.0,50634.0,50662.0,50618.0,50273.0,50006.0,49983.0,49749.0,49322.0,49519.0,49986.0,50090.0,49880.0,49753.0,49751.0,50182.0,50846.0,50945.0,51457.0,51852.0,52344.0,52812.0,53262.0,SH,Schaffhausen,14,Schaffhausen
1404,2638.0,2661.0,2650.0,2637.0,2676.0,2739.0,2728.0,2771.0,2823.0,2851.0,2879.0,2972.0,3040.0,3060.0,3057.0,3057.0,3047.0,3068.0,3069.0,3034.0,3021.0,2970.0,2963.0,2969.0,2962.0,2991.0,2981.0,2942.0,2924.0,2949.0,2947.0,2997.0,3007.0,3036.0,3024.0,SH,Schleitheim,14,Schaffhausen
1405,4066.0,4089.0,4103.0,4043.0,4006.0,4014.0,4066.0,4130.0,4157.0,4269.0,4455.0,4544.0,4656.0,4719.0,4872.0,4973.0,4966.0,5026.0,4868.0,4941.0,4948.0,4945.0,5041.0,5059.0,5049.0,5048.0,5120.0,5153.0,5200.0,5221.0,5222.0,5251.0,5391.0,5463.0,5470.0,SH,Stein,14,Schaffhausen
1406,3844.0,3867.0,3894.0,3916.0,3958.0,3977.0,4019.0,4084.0,4167.0,4242.0,4417.0,4469.0,4580.0,4636.0,4678.0,4710.0,4728.0,4743.0,4703.0,4657.0,4608.0,4603.0,4671.0,4635.0,4663.0,4677.0,4688.0,4700.0,4714.0,4755.0,4739.0,4759.0,4794.0,4812.0,4830.0,SH,Unterklettgau,14,Schaffhausen
1501,21331.0,21605.0,21834.0,22001.0,22173.0,22383.0,22605.0,22746.0,23008.0,23339.0,23438.0,23938.0,24384.0,24665.0,24694.0,24684.0,24705.0,24600.0,24360.0,24289.0,24178.0,23970.0,23949.0,23864.0,23763.0,23500.0,23378.0,23542.0,23732.0,23684.0,23577.0,23562.0,23540.0,23729.0,23883.0,AR,Hinterland,15,Appenzell Ausserrhoden
1502,14299.0,14331.0,14452.0,14475.0,14437.0,14484.0,14490.0,14693.0,14878.0,15023.0,15280.0,15424.0,15634.0,15806.0,15864.0,15759.0,15779.0,15759.0,15858.0,15921.0,15792.0,15731.0,15727.0,15776.0,15739.0,15786.0,15880.0,15855.0,16024.0,16200.0,16195.0,16441.0,16560.0,16654.0,16775.0,AR,Mittelland,15,Appenzell Ausserrhoden
1503,11555.0,11766.0,11937.0,12106.0,12193.0,12273.0,12247.0,12343.0,12442.0,12520.0,12835.0,13075.0,13431.0,13616.0,13669.0,13661.0,13652.0,13652.0,13598.0,13527.0,13509.0,13437.0,13421.0,13336.0,13339.0,13275.0,13251.0,13257.0,13298.0,13159.0,13245.0,13310.0,13338.0,13308.0,13406.0,AR,Vorderland,15,Appenzell Ausserrhoden
1600,12757.0,12781.0,12904.0,13014.0,13042.0,13128.0,13137.0,13140.0,13333.0,13504.0,14108.0,14251.0,14548.0,14680.0,14742.0,14750.0,14833.0,14887.0,14873.0,14946.0,15012.0,14977.0,14985.0,15010.0,15029.0,15220.0,15300.0,15471.0,15549.0,15681.0,15688.0,15743.0,15717.0,15778.0,15854.0,AI,Kt. Appenzell i.Rh.,16,Appenzell Innerrhoden
1721,108982.0,109320.0,109554.0,109687.0,109990.0,110209.0,110262.0,110345.0,110881.0,111458.0,109504.0,110642.0,111191.0,111714.0,112277.0,111907.0,111702.0,111424.0,110863.0,111213.0,111440.0,112121.0,112974.0,113364.0,113469.0,113320.0,113621.0,114652.0,116097.0,117007.0,117823.0,118761.0,119598.0,120330.0,121144.0,SG,St. Gallen,17,St. Gallen
1722,34426.0,34464.0,34533.0,34790.0,34954.0,35166.0,35550.0,35761.0,36067.0,36430.0,37298.0,37707.0,37848.0,37987.0,38037.0,37905.0,37989.0,37870.0,38167.0,38387.0,38661.0,39146.0,39426.0,39583.0,39709.0,39623.0,39601.0,40144.0,40454.0,40840.0,41047.0,41275.0,41585.0,41910.0,42124.0,SG,Rorschach,17,St. Gallen
1723,50425.0,50821.0,51353.0,51615.0,51912.0,52237.0,52273.0,52527.0,53072.0,53581.0,55787.0,56782.0,57862.0,58609.0,59324.0,60130.0,60535.0,60755.0,61177.0,61541.0,61957.0,62258.0,62548.0,62964.0,63263.0,63706.0,64138.0,64909.0,65889.0,66522.0,67509.0,68238.0,68792.0,69612.0,70334.0,SG,Rheintal,17,St. Gallen
1724,25610.0,25839.0,26300.0,26533.0,26939.0,27375.0,27712.0,27987.0,28331.0,28628.0,29187.0,29841.0,30711.0,31303.0,31775.0,32181.0,32423.0,32501.0,32549.0,32799.0,32938.0,33117.0,33289.0,33605.0,33771.0,33960.0,34074.0,34442.0,35037.0,35241.0,35644.0,36091.0,36447.0,37072.0,37581.0,SG,Werdenberg,17,St. Gallen
1725,29531.0,29761.0,30042.0,30146.0,30208.0,30320.0,30719.0,30891.0,31131.0,31372.0,32294.0,32912.0,33566.0,34136.0,34570.0,34770.0,35115.0,34940.0,34876.0,35176.0,35394.0,35624.0,35553.0,35652.0,35901.0,36103.0,36328.0,36574.0,36892.0,37255.0,37775.0,38421.0,39077.0,39507.0,39692.0,SG,Sarganserland,17,St. Gallen
1726,44648.0,45338.0,45998.0,46666.0,47198.0,47844.0,48535.0,49414.0,50266.0,50822.0,52026.0,52881.0,53460.0,53970.0,54576.0,55009.0,55472.0,55698.0,56064.0,56661.0,57431.0,58163.0,58633.0,58992.0,59325.0,59638.0,59935.0,60662.0,61524.0,62115.0,62499.0,63106.0,63669.0,64488.0,65148.0,SG,See-Gaster,17,St. Gallen
1727,40425.0,40570.0,40361.0,40400.0,40431.0,40656.0,40905.0,41344.0,41561.0,42116.0,43796.0,44677.0,45360.0,46008.0,46386.0,46408.0,46269.0,46241.0,46182.0,46055.0,45952.0,45609.0,45436.0,45449.0,45358.0,45176.0,45107.0,45051.0,44947.0,44875.0,45056.0,45070.0,45084.0,45261.0,45598.0,SG,Toggenburg,17,St. Gallen
1728,54928.0,55558.0,56246.0,56683.0,56994.0,57409.0,57975.0,58743.0,59464.0,60311.0,61284.0,62206.0,62821.0,63240.0,63799.0,64040.0,64334.0,64451.0,65013.0,65777.0,66466.0,66866.0,67392.0,67680.0,68025.0,68473.0,69006.0,69503.0,70312.0,70821.0,71554.0,72194.0,72808.0,73519.0,74203.0,SG,Wil,17,St. Gallen
1821,6972.0,7024.0,7137.0,7191.0,7243.0,7308.0,7373.0,7304.0,7207.0,7257.0,7968.0,8036.0,8245.0,8474.0,8670.0,8781.0,8918.0,8647.0,8694.0,8564.0,8414.0,8350.0,8362.0,8336.0,8393.0,8331.0,8298.0,8249.0,8193.0,8186.0,8227.0,8160.0,8212.0,8178.0,8177.0,GR,Albula,18,Graubünden
1822,4596.0,4567.0,4583.0,4597.0,4554.0,4513.0,4502.0,4504.0,4509.0,4527.0,4995.0,5035.0,5048.0,5063.0,5066.0,5003.0,4975.0,4946.0,4945.0,4937.0,4845.0,4809.0,4782.0,4717.0,4687.0,4685.0,4661.0,4648.0,4651.0,4667.0,4629.0,4703.0,4690.0,4637.0,4652.0,GR,Bernina,18,Graubünden
1823,10374.0,10422.0,10404.0,10397.0,10493.0,10600.0,10709.0,10803.0,10919.0,11117.0,11192.0,11456.0,11720.0,12020.0,12148.0,12240.0,12260.0,12172.0,12230.0,12255.0,12290.0,12356.0,12381.0,12466.0,12508.0,12455.0,12461.0,12415.0,12504.0,12596.0,12672.0,12774.0,13003.0,13113.0,13171.0,GR,Hinterrhein,18,Graubünden
1824,13778.0,13936.0,14014.0,14155.0,14409.0,14713.0,14762.0,14896.0,14962.0,14989.0,15401.0,15751.0,16095.0,16446.0,16608.0,16880.0,16910.0,16937.0,16962.0,16931.0,16936.0,17066.0,17223.0,17347.0,17528.0,17669.0,17695.0,17902.0,18307.0,18483.0,18773.0,18993.0,19181.0,19500.0,19781.0,GR,Imboden,18,Graubünden
1825,8100.0,8165.0,8221.0,8224.0,8287.0,8409.0,8427.0,8434.0,8493.0,8567.0,8907.0,9074.0,9280.0,9355.0,9460.0,9475.0,9550.0,9509.0,9462.0,9371.0,9264.0,9258.0,9332.0,9304.0,9371.0,9336.0,9332.0,9411.0,9511.0,9593.0,9670.0,9576.0,9574.0,9536.0,9426.0,GR,Inn,18,Graubünden
1826,15569.0,15974.0,16308.0,16767.0,17090.0,17461.0,17863.0,18221.0,18449.0,18891.0,19183.0,19610.0,19972.0,20381.0,20974.0,21260.0,21316.0,21616.0,21923.0,22109.0,22147.0,22015.0,22089.0,22358.0,22540.0,22739.0,22862.0,23441.0,23719.0,24006.0,24093.0,24331.0,24517.0,24772.0,25224.0,GR,Landquart,18,Graubünden
1827,15195.0,15379.0,15781.0,15895.0,15958.0,16070.0,16174.0,16300.0,16614.0,16644.0,16029.0,16341.0,16696.0,17092.0,17373.0,17678.0,17946.0,17786.0,17622.0,17585.0,17566.0,17468.0,17518.0,17633.0,17810.0,17933.0,17956.0,18035.0,18384.0,18586.0,18652.0,18830.0,18733.0,18717.0,18853.0,GR,Maloja / Maloggia,18,Graubünden
1828,6767.0,6769.0,6762.0,6815.0,6817.0,6813.0,6842.0,6825.0,6817.0,6819.0,7030.0,7136.0,7239.0,7349.0,7485.0,7567.0,7612.0,7629.0,7658.0,7572.0,7617.0,7626.0,7653.0,7657.0,7640.0,7679.0,7721.0,7778.0,7849.0,7906.0,7863.0,7997.0,8146.0,8301.0,8338.0,GR,Moesa,18,Graubünden
1829,37642.0,37742.0,37537.0,37161.0,36962.0,36648.0,36616.0,36405.0,36409.0,36302.0,36778.0,37025.0,37448.0,37365.0,37422.0,36987.0,36958.0,37079.0,37570.0,37771.0,38181.0,37987.0,38340.0,38694.0,38899.0,38820.0,38851.0,38819.0,39298.0,39743.0,40067.0,40256.0,40293.0,40509.0,40673.0,GR,Plessur,18,Graubünden
1830,22663.0,22894.0,23041.0,23052.0,23281.0,23313.0,23505.0,23743.0,23782.0,23976.0,24216.0,24680.0,25229.0,25831.0,26222.0,26430.0,26669.0,26552.0,26464.0,26320.0,26212.0,25958.0,25844.0,26055.0,26055.0,25886.0,25929.0,25926.0,26023.0,26180.0,26198.0,26184.0,26236.0,26349.0,26312.0,GR,Prättigau-Davos,18,Graubünden
1831,19597.0,19710.0,19715.0,19695.0,19742.0,19741.0,19721.0,19708.0,19743.0,19916.0,21824.0,22044.0,22307.0,22581.0,22727.0,22762.0,22885.0,22659.0,22588.0,22611.0,22417.0,22332.0,22247.0,22376.0,22381.0,22270.0,22154.0,22138.0,22020.0,21915.0,21777.0,21584.0,21335.0,21347.0,21279.0,GR,Surselva,18,Graubünden
1901,57483.0,57871.0,58173.0,58472.0,58602.0,58760.0,59249.0,59559.0,59800.0,60417.0,60472.0,61131.0,61217.0,61779.0,61652.0,61825.0,61890.0,61666.0,61700.0,62071.0,62440.0,63052.0,63685.0,64446.0,65237.0,65772.0,66391.0,66865.0,67979.0,69094.0,70594.0,71745.0,72852.0,73500.0,74350.0,AG,Aarau,19,Aargau
1902,98157.0,99275.0,100261.0,100950.0,101795.0,102523.0,103487.0,104702.0,105653.0,106567.0,107051.0,109177.0,110168.0,111240.0,111809.0,112792.0,113065.0,113222.0,113764.0,114655.0,115503.0,117589.0,118871.0,119463.0,119998.0,120937.0,122491.0,124233.0,126880.0,128822.0,131565.0,132740.0,134756.0,136753.0,138320.0,AG,Baden,19,Aargau
1903,46162.0,46771.0,47617.0,48330.0,49113.0,50027.0,50948.0,52253.0,53508.0,54275.0,55108.0,55923.0,56629.0,57293.0,57987.0,58990.0,59348.0,59566.0,59845.0,60464.0,61066.0,61945.0,62939.0,63885.0,64375.0,64633.0,65303.0,65933.0,67048.0,67852.0,69329.0,69952.0,71354.0,72800.0,73796.0,AG,Bremgarten,19,Aargau
1904,37062.0,37581.0,37835.0,38077.0,38321.0,38443.0,38711.0,39128.0,39627.0,40146.0,40248.0,40951.0,41163.0,41744.0,41856.0,42382.0,42546.0,42841.0,43178.0,43511.0,43571.0,43993.0,44324.0,44602.0,44739.0,44725.0,44873.0,45287.0,45794.0,46174.0,46672.0,47062.0,47487.0,48279.0,49087.0,AG,Brugg,19,Aargau
1905,30606.0,30745.0,30849.0,30900.0,31081.0,31109.0,31404.0,31565.0,31697.0,32115.0,33016.0,33632.0,34199.0,34633.0,35187.0,35613.0,35634.0,35847.0,35853.0,36002.0,35789.0,35902.0,36122.0,36323.0,36468.0,36546.0,36711.0,36911.0,37271.0,37585.0,37887.0,38130.0,38405.0,38833.0,39323.0,AG,Kulm,19,Aargau
1906,19277.0,19466.0,19511.0,19714.0,19900.0,20029.0,20395.0,20834.0,21145.0,21508.0,22473.0,22887.0,23307.0,23866.0,24254.0,24648.0,25002.0,25234.0,25512.0,25874.0,25987.0,26289.0,26594.0,26749.0,27127.0,27588.0,27980.0,28348.0,28576.0,28714.0,29282.0,29654.0,30102.0,30515.0,30884.0,AG,Laufenburg,19,Aargau
1907,37422.0,37770.0,37965.0,38275.0,38364.0,38747.0,38895.0,39343.0,39931.0,40433.0,41317.0,42059.0,42298.0,43160.0,43755.0,44198.0,44731.0,45237.0,45637.0,45935.0,46244.0,46687.0,47053.0,47476.0,47743.0,48335.0,48949.0,49950.0,51111.0,52210.0,53169.0,54248.0,55244.0,56276.0,57487.0,AG,Lenzburg,19,Aargau
1908,19669.0,19990.0,20297.0,20507.0,20704.0,21090.0,21469.0,21823.0,22249.0,22680.0,23369.0,23961.0,24426.0,24911.0,25276.0,26113.0,26535.0,27072.0,27292.0,27558.0,27928.0,28366.0,28672.0,28874.0,29267.0,29569.0,29848.0,30313.0,30801.0,31390.0,32339.0,32843.0,33276.0,33750.0,34285.0,AG,Muri,19,Aargau
1909,29315.0,29809.0,30002.0,30057.0,30118.0,30215.0,30377.0,30674.0,31259.0,31794.0,32428.0,33119.0,33516.0,33991.0,34513.0,35022.0,35408.0,35801.0,36216.0,36638.0,37071.0,37731.0,38220.0,38771.0,39385.0,39970.0,40472.0,41033.0,42005.0,42867.0,43805.0,44208.0,45012.0,45747.0,46559.0,AG,Rheinfelden,19,Aargau
1910,50799.0,51027.0,51266.0,51544.0,51613.0,51950.0,52178.0,52726.0,53127.0,53598.0,54717.0,55474.0,56058.0,56819.0,56984.0,57288.0,57441.0,57476.0,57504.0,57731.0,57974.0,58348.0,58621.0,59227.0,59902.0,60436.0,60965.0,61548.0,62616.0,63589.0,64710.0,65550.0,66458.0,67241.0,68295.0,AG,Zofingen,19,Aargau
1911,24842.0,25074.0,25216.0,25142.0,25015.0,25270.0,25572.0,25904.0,26312.0,26879.0,27836.0,28504.0,28998.0,29509.0,29841.0,30016.0,30065.0,30066.0,29961.0,30200.0,30112.0,30396.0,30681.0,30858.0,30881.0,30833.0,30830.0,31141.0,31551.0,31743.0,32114.0,32166.0,32394.0,32668.0,32891.0,AG,Zurzach,19,Aargau
2011,40048.0,40471.0,40550.0,40548.0,40762.0,40975.0,41128.0,41358.0,41867.0,42583.0,44130.0,44858.0,45276.0,46069.0,46676.0,47348.0,47810.0,47832.0,47718.0,47822.0,47758.0,47668.0,47974.0,48280.0,48589.0,48864.0,49221.0,49765.0,50567.0,51118.0,51893.0,52633.0,53327.0,54011.0,54281.0,TG,Arbon,20,Thurgau
2012,44973.0,45555.0,46125.0,46450.0,46742.0,47103.0,47464.0,48184.0,48934.0,49616.0,50987.0,52121.0,52965.0,53616.0,54412.0,54919.0,55279.0,55555.0,56135.0,56512.0,57084.0,57227.0,57824.0,58129.0,58425.0,58727.0,59037.0,59491.0,60224.0,60936.0,61778.0,62415.0,63296.0,64084.0,64770.0,TG,Frauenfeld,20,Thurgau
2013,26746.0,26861.0,27161.0,27207.0,27242.0,27224.0,27337.0,27662.0,28001.0,28386.0,29209.0,29805.0,30319.0,34358.0,34985.0,35624.0,35952.0,37220.0,37256.0,37456.0,36883.0,37246.0,37555.0,38229.0,38482.0,38835.0,39172.0,39880.0,40681.0,41598.0,42559.0,43258.0,44220.0,45175.0,46001.0,TG,Kreuzlingen,20,Thurgau
2014,28766.0,29371.0,29823.0,30142.0,30701.0,31149.0,31670.0,32530.0,33179.0,33790.0,33920.0,34644.0,34931.0,35758.0,36324.0,36931.0,37345.0,37576.0,37938.0,38043.0,38250.0,38588.0,38838.0,39294.0,39494.0,39799.0,39958.0,40403.0,41082.0,41496.0,42024.0,42815.0,43614.0,44453.0,45112.0,TG,Münchwilen,20,Thurgau
2015,36266.0,36564.0,36831.0,37251.0,37477.0,37847.0,38282.0,38797.0,39485.0,40237.0,41432.0,42280.0,42661.0,43517.0,44084.0,47226.0,47113.0,47212.0,47432.0,47452.0,47506.0,47477.0,47713.0,47904.0,47988.0,48107.0,48376.0,48777.0,49257.0,49657.0,50190.0,50852.0,51756.0,52555.0,53569.0,TG,Weinfelden,20,Thurgau
2101,37738.0,38156.0,38341.0,38413.0,38561.0,38823.0,39256.0,39497.0,39809.0,40215.0,40930.0,41394.0,41932.0,42525.0,43162.0,43586.0,43494.0,43496.0,43486.0,43556.0,43918.0,44272.0,44890.0,45130.0,45516.0,45797.0,46245.0,46786.0,47435.0,48055.0,48231.0,48871.0,49473.0,50193.0,50803.0,TI,Bellinzona,21,Tessin
2102,4982.0,4971.0,5003.0,5003.0,5018.0,5025.0,4986.0,4976.0,4988.0,5032.0,5277.0,5292.0,5339.0,5400.0,5413.0,5432.0,5403.0,5436.0,5436.0,5467.0,5419.0,5460.0,5495.0,5535.0,5620.0,5660.0,5664.0,5672.0,5697.0,5682.0,5530.0,5477.0,5591.0,5659.0,5653.0,TI,Blenio,21,Tessin
2103,11261.0,11244.0,11219.0,10984.0,10801.0,10514.0,10401.0,10312.0,10206.0,10169.0,10461.0,10407.0,10490.0,10593.0,10749.0,10704.0,10529.0,10473.0,10254.0,10097.0,9949.0,9829.0,9877.0,9929.0,10113.0,10173.0,10164.0,9943.0,9838.0,9834.0,9600.0,9554.0,9524.0,9377.0,9412.0,TI,Leventina,21,Tessin
2104,50747.0,51361.0,51521.0,51828.0,51963.0,52328.0,52710.0,52825.0,53078.0,53423.0,53569.0,54202.0,55068.0,55718.0,56252.0,56926.0,56841.0,57159.0,57207.0,57488.0,58178.0,58460.0,58780.0,59228.0,59554.0,59935.0,60399.0,61157.0,61814.0,62199.0,61707.0,62275.0,62787.0,63235.0,63440.0,TI,Locarno,21,Tessin
2105,105221.0,106901.0,108136.0,108533.0,109254.0,110365.0,111497.0,112336.0,113488.0,114707.0,116408.0,118265.0,120168.0,122033.0,124295.0,125676.0,125719.0,126109.0,126816.0,128386.0,129916.0,130751.0,131928.0,132860.0,134093.0,135334.0,136639.0,138822.0,141172.0,142828.0,141661.0,143390.0,146045.0,148833.0,150948.0,TI,Lugano,21,Tessin
2106,41499.0,41741.0,42514.0,42719.0,43055.0,43198.0,43398.0,43595.0,43883.0,44196.0,44527.0,44659.0,44959.0,45340.0,45602.0,45816.0,45712.0,45768.0,45869.0,46284.0,46127.0,46364.0,46734.0,47036.0,47327.0,47553.0,47868.0,48188.0,48672.0,48851.0,48729.0,49022.0,49557.0,50357.0,51073.0,TI,Mendrisio,21,Tessin
2107,9563.0,9725.0,9763.0,9909.0,10017.0,10076.0,10046.0,10092.0,10157.0,10205.0,10411.0,10557.0,10833.0,10988.0,11245.0,11508.0,11522.0,11492.0,11441.0,11511.0,11618.0,11701.0,11828.0,11853.0,11912.0,12022.0,12039.0,12193.0,12282.0,12400.0,12533.0,12559.0,12731.0,12918.0,13013.0,TI,Riviera,21,Tessin
2108,4577.0,4649.0,4736.0,4789.0,4859.0,4932.0,4926.0,5014.0,5021.0,5076.0,5161.0,5224.0,5319.0,5358.0,5413.0,5551.0,5610.0,5655.0,5670.0,5709.0,5709.0,5691.0,5724.0,5744.0,5796.0,5802.0,5833.0,5819.0,5826.0,5871.0,5762.0,5795.0,5944.0,5967.0,6021.0,TI,Vallemaggia,21,Tessin
2221,26785.0,26812.0,27061.0,27099.0,27444.0,27867.0,28491.0,28872.0,29444.0,30273.0,31443.0,32365.0,33106.0,33635.0,34165.0,33964.0,33836.0,33727.0,33846.0,33927.0,33905.0,34001.0,34424.0,35161.0,35702.0,36239.0,36858.0,37176.0,38260.0,38919.0,40143.0,41063.0,41736.0,42750.0,43674.0,VD,Aigle,22,Waadt
2222,26543.0,26755.0,26818.0,27000.0,27122.0,27241.0,27448.0,27787.0,28170.0,28705.0,29778.0,30440.0,30944.0,30976.0,31250.0,31444.0,31379.0,31248.0,31361.0,31341.0,31443.0,31564.0,31888.0,32246.0,32760.0,32913.0,33228.0,33762.0,34586.0,35305.0,36246.0,37243.0,38418.0,39868.0,41041.0,VD,Broye-Vully,22,Waadt
2223,20844.0,21271.0,21645.0,22022.0,22464.0,23013.0,23803.0,24592.0,25301.0,25894.0,26728.0,27382.0,28180.0,28430.0,28903.0,29212.0,29447.0,29766.0,30156.0,30816.0,31243.0,31823.0,32168.0,32901.0,33293.0,33791.0,34277.0,35164.0,36094.0,37221.0,37917.0,38984.0,39840.0,40962.0,42120.0,VD,Gros-de-Vaud,22,Waadt
2224,59393.0,59470.0,59676.0,59996.0,60333.0,60763.0,61221.0,61951.0,63016.0,64010.0,66104.0,67282.0,67908.0,68529.0,69180.0,69818.0,70083.0,70093.0,70221.0,70637.0,70705.0,71166.0,71828.0,72475.0,73507.0,74502.0,75376.0,76492.0,78221.0,79728.0,81687.0,83028.0,84533.0,86480.0,88069.0,VD,Jura-Nord vaudois,22,Waadt
2225,140047.0,140623.0,141434.0,142003.0,141969.0,141118.0,140841.0,141117.0,140742.0,140199.0,135167.0,135399.0,135747.0,135776.0,135574.0,134825.0,133733.0,133472.0,133714.0,134191.0,134289.0,135069.0,135923.0,137011.0,137864.0,138017.0,138980.0,140504.0,144040.0,148047.0,150362.0,152817.0,154096.0,157119.0,158645.0,VD,Lausanne,22,Waadt
2226,40012.0,40498.0,41082.0,41579.0,42066.0,42645.0,43588.0,44077.0,44662.0,45159.0,45805.0,46779.0,47452.0,47954.0,48629.0,49077.0,49149.0,49357.0,49634.0,50092.0,50283.0,50665.0,51234.0,52002.0,52417.0,53021.0,53391.0,53940.0,54878.0,55617.0,55915.0,56645.0,57061.0,57852.0,58624.0,VD,Lavaux-Oron,22,Waadt
2227,47534.0,47945.0,48558.0,49317.0,50107.0,51026.0,52075.0,53149.0,54306.0,55274.0,56130.0,57649.0,58263.0,58686.0,59380.0,60143.0,60786.0,61320.0,62113.0,62977.0,63367.0,64043.0,64580.0,65487.0,66547.0,67495.0,68682.0,69935.0,71407.0,72361.0,73747.0,74927.0,75725.0,77341.0,78464.0,VD,Morges,22,Waadt
2228,45803.0,47014.0,48201.0,49328.0,50684.0,51796.0,53275.0,54456.0,57113.0,59207.0,60938.0,62674.0,64577.0,65958.0,67612.0,68888.0,69663.0,70623.0,71626.0,72902.0,73654.0,74835.0,75854.0,77572.0,79130.0,80639.0,82563.0,84559.0,86902.0,88640.0,89601.0,91478.0,91834.0,93521.0,95548.0,VD,Nyon,22,Waadt
2229,52697.0,53136.0,53847.0,54085.0,54503.0,55206.0,55989.0,56699.0,57392.0,57718.0,57702.0,58691.0,58096.0,58262.0,58649.0,59094.0,59036.0,58910.0,59006.0,59415.0,59703.0,60508.0,61054.0,61339.0,62531.0,63081.0,63608.0,64142.0,65783.0,66645.0,68232.0,69366.0,69913.0,71086.0,71838.0,VD,Ouest lausannois,22,Waadt
2230,62682.0,63028.0,63091.0,62810.0,62935.0,62992.0,63605.0,64242.0,65035.0,65534.0,67729.0,68622.0,68734.0,68530.0,68757.0,69212.0,69359.0,69637.0,69936.0,69977.0,70505.0,71306.0,72086.0,72911.0,73631.0,74395.0,75182.0,76365.0,78074.0,79043.0,79431.0,80393.0,81200.0,82394.0,83423.0,VD,Riviera-Pays-d'Enhaut,22,Waadt
2301,19515.0,19835.0,20129.0,20423.0,20652.0,20646.0,20910.0,20999.0,21100.0,21362.0,21670.0,21971.0,22428.0,22636.0,22889.0,23082.0,23291.0,23476.0,23550.0,23580.0,23621.0,23534.0,23651.0,23776.0,23892.0,23984.0,24015.0,23991.0,24324.0,24524.0,25033.0,25137.0,25583.0,25929.0,26303.0,VS,Brig,23,Wallis
2302,15127.0,15401.0,15754.0,15996.0,16258.0,16459.0,16742.0,17094.0,17377.0,17824.0,18705.0,19169.0,19582.0,19921.0,20245.0,20293.0,20521.0,20398.0,20386.0,20412.0,20437.0,20651.0,20889.0,21142.0,21509.0,21841.0,22233.0,22662.0,23068.0,23495.0,24211.0,24824.0,25377.0,26052.0,26678.0,VS,Conthey,23,Wallis
2303,9417.0,9520.0,9685.0,9804.0,9849.0,9905.0,9997.0,10076.0,10233.0,10414.0,10703.0,10985.0,11149.0,11287.0,11447.0,11539.0,11678.0,11715.0,11850.0,12016.0,12117.0,12242.0,12443.0,13166.0,12854.0,12990.0,13276.0,13524.0,13717.0,13907.0,14223.0,14410.0,14517.0,14749.0,14984.0,VS,Entremont,23,Wallis
2304,4165.0,4298.0,4182.0,4315.0,4310.0,4433.0,4428.0,4367.0,4418.0,4460.0,4787.0,4836.0,4920.0,5130.0,5236.0,5252.0,5259.0,5191.0,5247.0,5111.0,5025.0,4931.0,4879.0,4815.0,4792.0,4761.0,4728.0,4710.0,4695.0,4715.0,4745.0,4716.0,4629.0,4569.0,4506.0,VS,Goms,23,Wallis
2305,8127.0,8122.0,8165.0,8207.0,8193.0,8191.0,8232.0,8263.0,8297.0,8294.0,8996.0,9116.0,9170.0,9193.0,9204.0,9235.0,9268.0,9289.0,9329.0,9358.0,9371.0,9360.0,9530.0,9680.0,9832.0,9919.0,9953.0,10099.0,10231.0,10235.0,10363.0,10542.0,10623.0,10772.0,10874.0,VS,Hérens,23,Wallis
2306,10210.0,10309.0,10422.0,10472.0,10508.0,10486.0,10498.0,10563.0,10718.0,10818.0,11329.0,11467.0,11669.0,11954.0,12141.0,12246.0,12318.0,12372.0,12336.0,12162.0,12117.0,11991.0,11991.0,12081.0,12157.0,12121.0,12119.0,12160.0,12173.0,12269.0,12294.0,12249.0,12320.0,12252.0,12316.0,VS,Leuk,23,Wallis
2307,25794.0,26123.0,26554.0,26935.0,27325.0,27659.0,27975.0,28422.0,28863.0,29592.0,30844.0,31522.0,32250.0,32749.0,32936.0,33227.0,33222.0,33260.0,33370.0,33341.0,34174.0,34446.0,34843.0,35324.0,35911.0,36627.0,37340.0,38388.0,39313.0,40170.0,41361.0,42257.0,43453.0,44359.0,45167.0,VS,Martigny,23,Wallis
2308,23214.0,23435.0,23726.0,24112.0,24454.0,24832.0,25502.0,26332.0,27153.0,28281.0,29143.0,30180.0,30745.0,31399.0,31659.0,31992.0,32017.0,32540.0,32744.0,33349.0,33518.0,34427.0,35368.0,35901.0,36580.0,37505.0,38221.0,38836.0,39617.0,40316.0,40766.0,41694.0,42278.0,43333.0,44384.0,VS,Monthey,23,Wallis
2309,9233.0,9287.0,9367.0,9459.0,9543.0,9645.0,9748.0,9766.0,9795.0,9844.0,10173.0,10281.0,10343.0,10573.0,10753.0,10822.0,10819.0,10885.0,10861.0,10859.0,10783.0,10929.0,10935.0,10927.0,10966.0,10888.0,10795.0,10838.0,10793.0,10750.0,10829.0,10842.0,10826.0,10864.0,10865.0,VS,Raron,23,Wallis
2310,8723.0,8677.0,8756.0,8850.0,8858.0,8918.0,9082.0,9281.0,9418.0,9568.0,9883.0,10188.0,10328.0,10406.0,10499.0,10551.0,10668.0,10625.0,10706.0,10834.0,10546.0,10654.0,10779.0,10960.0,11069.0,11252.0,11368.0,11514.0,11653.0,11952.0,12360.0,12559.0,12931.0,13193.0,13443.0,VS,Saint-Maurice,23,Wallis
2311,32254.0,32780.0,33278.0,33578.0,34143.0,34540.0,35033.0,35317.0,36141.0,36661.0,38215.0,39146.0,39713.0,40118.0,40302.0,40407.0,40154.0,40129.0,40257.0,40469.0,40728.0,40898.0,41341.0,41958.0,42443.0,43120.0,43760.0,44457.0,45295.0,45904.0,46134.0,46644.0,47198.0,47972.0,48476.0,VS,Sierre,23,Wallis
2312,30186.0,30240.0,30467.0,30605.0,30815.0,31250.0,31551.0,31890.0,32282.0,32927.0,33117.0,33891.0,34546.0,35013.0,35174.0,35565.0,35926.0,36176.0,36521.0,36819.0,36891.0,37328.0,37665.0,38152.0,38707.0,39367.0,39651.0,40139.0,40894.0,41484.0,42431.0,42959.0,43759.0,44723.0,45473.0,VS,Sion,23,Wallis
2313,21830.0,21926.0,22183.0,22338.0,22366.0,22506.0,22852.0,23020.0,23253.0,23660.0,24397.0,24978.0,25546.0,26334.0,26856.0,27080.0,27174.0,27306.0,27301.0,27322.0,26986.0,27028.0,27031.0,27126.0,27264.0,27200.0,27149.0,27262.0,27468.0,27671.0,27934.0,28189.0,28238.0,28244.0,28294.0,VS,Visp,23,Wallis
2401,30650.0,30905.0,30948.0,31057.0,31406.0,31710.0,32367.0,32797.0,33171.0,33424.0,33694.0,34230.0,34462.0,34717.0,35066.0,35696.0,35709.0,36030.0,36123.0,36332.0,36440.0,36584.0,36788.0,36963.0,37170.0,37542.0,37763.0,38137.0,38634.0,38815.0,38866.0,38845.0,39133.0,39653.0,40028.0,NE,Boudry,24,Neuenburg
2402,38107.0,38051.0,37805.0,37255.0,37005.0,36763.0,36830.0,36735.0,36749.0,36792.0,37583.0,37862.0,37975.0,38251.0,38292.0,38474.0,38426.0,38343.0,38126.0,38088.0,37834.0,38037.0,38088.0,38036.0,38077.0,37990.0,37892.0,37971.0,38424.0,38618.0,38688.0,39034.0,39448.0,39859.0,40192.0,NE,La Chaux-de-Fonds,24,Neuenburg
2403,15909.0,15537.0,15203.0,14958.0,14789.0,14648.0,14730.0,14656.0,14644.0,14597.0,14975.0,15096.0,15191.0,15221.0,15093.0,15048.0,15008.0,14870.0,14751.0,14502.0,14418.0,14409.0,14337.0,14382.0,14381.0,14356.0,14222.0,14295.0,14284.0,14171.0,14099.0,14108.0,14247.0,14487.0,14489.0,NE,Le Locle,24,Neuenburg
2404,49807.0,49692.0,49385.0,48905.0,48927.0,49083.0,49422.0,49696.0,49618.0,50013.0,49002.0,49585.0,49610.0,49864.0,49806.0,50033.0,50037.0,49848.0,50163.0,50185.0,50301.0,50612.0,50796.0,50657.0,51236.0,51386.0,51748.0,51991.0,51984.0,52340.0,52669.0,53223.0,53323.0,53682.0,53676.0,NE,Neuchâtel,24,Neuenburg
2405,11259.0,11336.0,11435.0,11439.0,11518.0,11585.0,11676.0,11824.0,12070.0,12412.0,12546.0,12834.0,13099.0,13489.0,13570.0,13664.0,13748.0,13943.0,14056.0,14198.0,14351.0,14471.0,14619.0,14853.0,14914.0,15075.0,15241.0,15478.0,15672.0,15781.0,15831.0,15993.0,16405.0,16649.0,16891.0,NE,Val-de-Ruz,24,Neuenburg
2406,11359.0,11282.0,11244.0,11176.0,11074.0,11120.0,11191.0,11235.0,11184.0,11331.0,11922.0,12167.0,12244.0,12342.0,12349.0,12343.0,12304.0,12376.0,12375.0,12344.0,12112.0,12114.0,12139.0,12156.0,12132.0,12095.0,12046.0,11910.0,11926.0,11922.0,11932.0,11980.0,11998.0,12072.0,12051.0,NE,Val-de-Travers,24,Neuenburg
2500,349562.0,352461.0,355806.0,357752.0,360462.0,362157.0,363550.0,365525.0,371356.0,373019.0,378655.0,381404.0,383911.0,387606.0,391699.0,395466.0,394588.0,396659.0,398910.0,403067.0,408146.0,413618.0,418747.0,423993.0,427396.0,430638.0,433235.0,438177.0,446106.0,453292.0,457715.0,460534.0,463101.0,469433.0,477385.0,GE,Cant. de Genève,25,Genf
2601,31460.0,31573.0,31754.0,31695.0,31781.0,31939.0,31989.0,32118.0,32113.0,32250.0,33375.0,33846.0,34221.0,34387.0,34654.0,34893.0,34935.0,34904.0,35038.0,34946.0,34891.0,35038.0,35173.0,35078.0,35197.0,35209.0,35292.0,35495.0,35690.0,35956.0,35921.0,36330.0,36609.0,37196.0,37660.0,JU,Delémont,26,Jura
2602,8437.0,8436.0,8386.0,8451.0,8479.0,8567.0,8588.0,8553.0,8546.0,8642.0,8981.0,9083.0,9244.0,9354.0,9355.0,9412.0,9442.0,9466.0,9476.0,9472.0,9531.0,9557.0,9574.0,9601.0,9590.0,9646.0,9801.0,9877.0,9954.0,9945.0,9966.0,10028.0,10070.0,10141.0,10262.0,JU,Les Franches-Montagnes,26,Jura
2603,24484.0,24354.0,24388.0,24292.0,24233.0,24205.0,24206.0,24049.0,24096.0,24117.0,24501.0,24669.0,24927.0,24957.0,25044.0,24956.0,24571.0,24594.0,24481.0,24400.0,24501.0,24335.0,24327.0,24385.0,24304.0,24255.0,24199.0,24183.0,24178.0,24233.0,24145.0,24184.0,24263.0,24401.0,24488.0,JU,Porrentruy,26,Jura
